Date,Loc,Opp_name,W,Score,Opp_score,FG,FGA,FG_Pct,Threes,ThreesA,Threes_Pct,FT,FTA,FT_Pct,ORB,TRB,AST,STL,BLK,TOV,PF,22,Opp_FG,Opp_FGA,Opp_FG_Pct,Opp_Threes,Opp_ThreesA,Opp_Threes_Pct,Opp_FT,Opp_FTA,Opp_FT_Pct,Opp_ORB,Opp_TRB,Opp_AST,Opp_STL,Opp_BLK,Opp_TOV,Opp_PF,Rest_Days,result,Win,Game_Number,Mean_Score,Home,Away,Neutral,Comb_Loc,SMA_Score_Fin,SMA_Score,EMA_Score_Fin,EMA_Score,Last3Avg_Score_Fin,Last3Avg_Score,Prev_Score_Fin,Prev_Score,SMA_Opp_score_Fin,SMA_Opp_score,EMA_Opp_score_Fin,EMA_Opp_score,Last3Avg_Opp_score_Fin,Last3Avg_Opp_score,Prev_Opp_score_Fin,Prev_Opp_score,SMA_Threes_Fin,SMA_Threes,EMA_Threes_Fin,EMA_Threes,Last3Avg_Threes_Fin,Last3Avg_Threes,Prev_Threes_Fin,Prev_Threes,SMA_Opp_Threes_Fin,SMA_Opp_Threes,EMA_Opp_Threes_Fin,EMA_Opp_Threes,Last3Avg_Opp_Threes_Fin,Last3Avg_Opp_Threes,Prev_Opp_Threes_Fin,Prev_Opp_Threes,SMA_FG_Pct_Fin,SMA_FG_Pct,EMA_FG_Pct_Fin,EMA_FG_Pct,Last3Avg_FG_Pct_Fin,Last3Avg_FG_Pct,Prev_FG_Pct_Fin,Prev_FG_Pct,SMA_Opp_FG_Pct_Fin,SMA_Opp_FG_Pct,EMA_Opp_FG_Pct_Fin,EMA_Opp_FG_Pct,Last3Avg_Opp_FG_Pct_Fin,Last3Avg_Opp_FG_Pct,Prev_Opp_FG_Pct_Fin,Prev_Opp_FG_Pct,SMA_Mean_Score_Fin,SMA_Mean_Score,EMA_Mean_Score_Fin,EMA_Mean_Score,Last3Avg_Mean_Score_Fin,Last3Avg_Mean_Score,Prev_Mean_Score_Fin,Prev_Mean_Score,SMA_Comb_Loc_Fin,SMA_Comb_Loc,EMA_Comb_Loc_Fin,EMA_Comb_Loc,Last3Avg_Comb_Loc_Fin,Last3Avg_Comb_Loc,Prev_Comb_Loc_Fin,Prev_Comb_Loc,SMA_Result,EMA_Result,Last3Avg_Result,Prev_Result,SMA_Pct_Margin,EMA_Pct_Margin,Last3Avg_Pct_Margin,Prev_Pct_Margin,SMA_Result_Fin,SMA_Pct_Margin_Fin,EMA_Result_Fin,EMA_Pct_Margin_Fin,Last3Avg_Result_Fin,Last3Avg_Pct_Margin_Fin,Prev_Result_Fin,Prev_Pct_Margin_Fin,Conference,Avg_Result_NC,Avg_Result_NC2,result2,Mean_Score2,SMA_Score2,EMA_Score2,Last3Avg_Score2,Prev_Score2,SMA_Mean_Score2,EMA_Mean_Score2,Last3Avg_Mean_Score2,Prev_Mean_Score2,SMA_Result2,EMA_Result2,Last3Avg_Result2,Prev_Result2,SMA_Pct_Margin2,EMA_Pct_Margin2,Last3Avg_Pct_Margin2,Prev_Pct_Margin2,Home2,Away2,Neutral2,Date2,Loc2,Opp_name2,Win2,Opp_score2,Score2,Threes2,Opp_Threes2,W2,SMA_Threes2,EMA_Threes2,Last3Avg_Threes2,Prev_Threes2,SMA_Opp_Threes2,EMA_Opp_Threes2,Last3Avg_Opp_Threes2,Prev_Opp_Threes2,Game_Number2,SMA_Comb_Loc2,EMA_Comb_Loc2,Last3Avg_Comb_Loc2,Prev_Comb_Loc2,SMA_Result_Fin2,EMA_Result_Fin2,Last3Avg_Result_Fin2,Prev_Result_Fin2,SMA_Opp_FG_Pct2,EMA_Opp_FG_Pct2,Last3Avg_Opp_FG_Pct2,Prev_Opp_FG_Pct2,Comb_Loc2,Rest_Days2,SMA_FG_Pct2,EMA_FG_Pct2,Last3Avg_FG_Pct2,Prev_FG_Pct2,SMA_Opp_FG_Pct_Fin2,EMA_Opp_FG_Pct_Fin2,Last3Avg_Opp_FG_Pct_Fin2,Prev_Opp_FG_Pct_Fin2,SMA_Pct_Margin_Fin2,EMA_Pct_Margin_Fin2,Last3Avg_Pct_Margin_Fin2,Prev_Pct_Margin_Fin2,Scoring_Pace_Diff,Matchup_Comp,Opp_Matchup_Comp,SOS,SOS_NC,Opp_SOS,Opp_SOS_NC,Prev_SOS,SOS_Fin,SOS_All,SOS_All_Fin,Opp_Prev_SOS
2017-11-10,@,Stanford,L,62.0,78.0,23.0,60.0,0.383,10.0,25.0,0.4,6.0,9.0,0.667,2.0,20.0,11.0,8.0,4.0,10.0,24.0,,26.0,53.0,0.491,9.0,19.0,0.474,17.0,23.0,0.739,9.0,36.0,13.0,6.0,4.0,16.0,10.0,,-16.0,0,1,70.0,0,1,0,-1,66.65517241379311,,66.17263187365563,,59.0,,53.0,,76.37931034482759,,77.31141635691937,,77.66666666666667,,75.0,,8.689655172413794,,8.488774287195364,,8.0,,3.0,,7.551724137931035,,7.910237967521615,,9.666666666666666,,10.0,,0.39224137931034486,,0.38157204821981133,,0.34533333333333327,,0.27500000000000013,,0.46775862068965524,,0.4678424402482705,,0.4669999999999999,,0.475,,71.51724137931035,,71.74202411528749,,68.33333333333333,,64.0,,-0.10344827586206896,,-0.06582391408417267,,-0.6666666666666666,,0.0,,,,,,,,,,-9.724137931034477,-0.13596914175506258,-11.138784483263734,-0.1552616422609433,-18.66666666666667,-0.27317073170731715,-22.0,-0.34375,Big West,,,16.0,70.0,,,,,,,,,,,,,,,,,1,0,0,2017-11-10,,Cal Poly,1,62.0,78.0,9.0,10.0,W,,,,,,,,,1,,,,,0.9428571428571502,1.192578406419102,-4.666666666666671,-6.0,,,,,1,,,,,,0.43488571428571426,0.4343037610507991,0.4176666666666668,0.3569999999999998,0.012507106310403736,0.015761490126042457,-0.05957446808510645,-0.08823529411764706,,,,,,,,,-0.6481950957024958,,-0.8354371835193793,
2017-11-12,@,California,L,82.0,85.0,30.0,58.0,0.517,16.0,28.0,0.571,6.0,6.0,1.0,7.0,18.0,19.0,6.0,1.0,13.0,26.0,,28.0,50.0,0.56,4.0,11.0,0.364,25.0,33.0,0.758,10.0,27.0,14.0,5.0,5.0,16.0,14.0,2.0,-3.0,0,2,83.5,0,1,0,-1,66.65517241379311,62.0,66.17263187365563,62.0,59.0,,53.0,62.0,76.37931034482759,78.0,77.31141635691937,78.0,77.66666666666667,,75.0,78.0,8.689655172413794,0.17034660563804693,8.488774287195364,0.17034660563804693,8.0,,3.0,0.17034660563804693,7.551724137931035,0.03262948404995758,7.910237967521615,0.03262948404995758,9.666666666666666,,10.0,0.03262948404995758,0.39224137931034486,0.383,0.38157204821981133,0.383,0.34533333333333327,,0.27500000000000013,0.383,0.46775862068965524,0.491,0.4678424402482705,0.491,0.4669999999999999,,0.475,0.491,71.51724137931035,70.0,71.74202411528749,70.0,68.33333333333333,,64.0,70.0,-0.10344827586206896,2.0,-0.06582391408417267,2.0,-0.6666666666666666,,0.0,2.0,-16.0,-16.0,,-16.0,-0.22857142857142856,-0.22857142857142856,,-0.22857142857142856,-9.724137931034477,-0.13596914175506258,-11.138784483263734,-0.1552616422609433,-18.66666666666667,-0.27317073170731715,-22.0,-0.34375,Big West,-16.0,-8.0,3.0,83.5,66.0,66.0,,66.0,70.0,70.0,,70.0,-8.0,-8.0,,-8.0,-0.11428571428571428,-0.11428571428571428,,-0.11428571428571428,1,0,0,2017-11-12,,Cal Poly,1,82.0,85.0,4.0,16.0,W,-0.13170618028570674,-0.13170618028570674,,-0.13170618028570674,-0.07028111886064531,-0.07028111886064531,,-0.07028111886064531,2,2.0,2.0,,2.0,-9.451612903225808,-12.13985116387807,-20.33333333333333,-18.0,0.4,0.4,,0.4,1,2.0,0.306,0.306,,0.306,0.4724193548387096,0.4743416793313938,0.44700000000000023,0.44300000000000017,-0.1307743807185896,-0.1739178357722302,-0.3120204603580562,-0.26865671641791045,0.0,-0.10941732055920146,-0.06555535606579606,16.0,16.0,8.0,8.0,-16.0,-0.6481950957024958,0.9428571428571502,-0.8354371835193793,-8.0
2017-11-18,@,Santa Clara,W,63.0,59.0,21.0,45.0,0.467,8.0,16.0,0.5,13.0,16.0,0.813,5.0,31.0,10.0,3.0,5.0,15.0,20.0,,22.0,58.0,0.379,2.0,9.0,0.222,13.0,19.0,0.684,11.0,28.0,10.0,6.0,1.0,7.0,16.0,6.0,4.0,1,3,61.0,0,1,0,-1,66.65517241379311,72.0,66.17263187365563,72.3448275862069,59.0,,53.0,82.0,76.37931034482759,81.5,77.31141635691937,81.62068965517241,77.66666666666667,,75.0,85.0,8.689655172413794,0.22814230456277806,8.488774287195364,0.22985028041279387,8.0,,3.0,0.271841491554648,7.551724137931035,-0.07426055842290696,7.910237967521615,-0.07778291723696842,9.666666666666666,,10.0,-0.17234789151565327,0.39224137931034486,0.45,0.38157204821981133,0.45231034482758625,0.34533333333333327,,0.27500000000000013,0.517,0.46775862068965524,0.5255000000000001,0.4678424402482705,0.5266896551724137,0.4669999999999999,,0.475,0.5600000000000002,71.51724137931035,76.75,71.74202411528749,76.98275862068965,68.33333333333333,,64.0,83.5,-0.10344827586206896,3.0,-0.06582391408417267,3.0,-0.6666666666666666,,0.0,3.0,-9.5,-9.275862068965509,,-3.0,-0.1237785016286645,-0.12049272116461356,,-0.03592814371257485,-9.724137931034477,-0.13596914175506258,-11.138784483263734,-0.1552616422609433,-18.66666666666667,-0.27317073170731715,-22.0,-0.34375,Big West,-9.5,-30.0,-4.0,61.0,63.0,63.0,,63.0,78.0,78.0,,78.0,-30.0,-30.0,,-30.0,-0.38461538461538464,-0.38461538461538464,,-0.38461538461538464,1,0,0,2017-11-18,,Cal Poly,0,63.0,59.0,2.0,8.0,L,0.11504706646753998,0.11504706646753998,,0.11504706646753998,0.17034660563804693,0.17034660563804693,,0.17034660563804693,2,2.0,2.0,,2.0,-7.62068965517242,-7.941721714777756,-14.666666666666664,-16.0,0.545,0.545,,0.545,1,3.0,0.39,0.39,,0.39,0.5046896551724138,0.507456319815337,0.566,0.708,-0.112439582803358,-0.11830908249135534,-0.22564102564102562,-0.2077922077922078,-0.625,0.19713768585613142,-0.0924308357681397,5.625,5.625,20.333333333333343,20.333333333333343,-7.904761904761904,-0.6481950957024958,-4.254377880184329,-0.8354371835193793,-15.166666666666666
2017-11-22,N,College of Charleston,W,73.0,68.0,24.0,56.0,0.429,14.0,25.0,0.56,11.0,11.0,1.0,6.0,29.0,17.0,7.0,4.0,13.0,10.0,,24.0,57.0,0.421,11.0,26.0,0.423,9.0,10.0,0.9,7.0,28.0,17.0,6.0,4.0,14.0,13.0,4.0,5.0,1,4,70.5,0,0,1,0,66.65517241379311,69.0,66.17263187365563,69.01267828843108,59.0,69.0,53.0,63.0,76.37931034482759,74.0,77.31141635691937,73.55467511885895,77.66666666666667,74.0,75.0,59.0,8.689655172413794,0.17922926108451726,8.488774287195364,0.17698015026206082,8.0,0.17922926108451726,3.0,0.06742801884849237,7.551724137931035,-0.11082165940118585,7.910237967521615,-0.11612277203214144,9.666666666666666,-0.11082165940118585,10.0,-0.21182944684965127,0.39224137931034486,0.45566666666666666,0.38157204821981133,0.45754833597464345,0.34533333333333327,0.45566666666666666,0.27500000000000013,0.46699999999999997,0.46775862068965524,0.47666666666666674,0.4678424402482705,0.474026941362916,0.4669999999999999,0.47666666666666674,0.475,0.3790000000000001,71.51724137931035,71.5,71.74202411528749,71.283676703645,68.33333333333333,71.5,64.0,61.0,-0.10344827586206896,4.0,-0.06582391408417267,4.0,-0.6666666666666666,4.0,0.0,4.0,-5.0,-4.541996830427877,-5.0,4.0,-0.06993006993006994,-0.06371720764784328,-0.06993006993006994,0.06557377049180328,-9.724137931034477,-0.13596914175506258,-11.138784483263734,-0.1552616422609433,-18.66666666666667,-0.27317073170731715,-22.0,-0.34375,Big West,-5.0,-0.3333333333333333,-5.0,70.5,70.66666666666667,70.94240156199153,70.66666666666667,81.0,70.83333333333333,71.09290595509273,70.83333333333333,76.5,-0.3333333333333286,-0.30100878620241645,-0.3333333333333286,9.0,-0.00470588235294111,-0.004234020007461149,-0.00470588235294111,0.11764705882352941,0,0,1,2017-11-22,N,Cal Poly,0,73.0,68.0,11.0,14.0,L,-0.03050549417936027,-0.027156097010267277,-0.03050549417936027,0.056846008266481785,-0.08817224942783222,-0.08811087566295511,-0.08817224942783222,-0.10519102877055522,4,0.4444444444444444,0.5611584643508659,0.4444444444444444,4.0,5.125,5.637508927402649,4.333333333333343,-4.0,0.43366666666666664,0.4347175398633257,0.43366666666666664,0.43499999999999994,0,4.0,0.40066666666666667,0.4042460136674259,0.40066666666666667,0.5,0.43637499999999996,0.44363542761962615,0.4579999999999997,0.35599999999999976,0.07108799306458605,0.07640841507286196,0.05977011494252887,-0.06666666666666667,0.3333333333333357,-0.12571017108058566,0.05814352488291299,-6.066666666666667,-6.066666666666667,0.4166666666666667,0.4166666666666667,0.8597222222222225,-0.6481950957024958,-5.376481805180359,-0.8354371835193793,-1.7300925925925907
2017-11-24,N,Central Michigan,L,53.0,56.0,20.0,59.0,0.339,7.0,26.0,0.269,6.0,10.0,0.6,11.0,38.0,13.0,1.0,2.0,10.0,16.0,,19.0,53.0,0.358,4.0,18.0,0.222,14.0,17.0,0.824,5.0,30.0,11.0,4.0,3.0,6.0,16.0,2.0,-3.0,0,5,54.5,0,0,1,0,66.65517241379311,70.0,66.17263187365563,70.11491522647229,59.0,72.66666666666667,53.0,73.0,76.37931034482759,72.5,77.31141635691937,72.01916618887707,77.66666666666667,70.66666666666667,75.0,68.0,8.689655172413794,0.20076135218182567,8.488774287195364,0.2013973757263119,8.0,0.20941141771262517,3.0,0.26181810364953606,7.551724137931035,-0.04455884486250927,7.910237967521615,-0.04098040009852516,9.666666666666666,-0.07295832436803953,10.0,0.17176975554317025,0.39224137931034486,0.449,0.38157204821981133,0.4496565648292244,0.34533333333333327,0.47100000000000003,0.27500000000000013,0.4289999999999999,0.46775862068965524,0.46275000000000005,0.4678424402482705,0.4593684167417479,0.4669999999999999,0.4533333333333334,0.475,0.42100000000000004,71.51724137931035,71.25,71.74202411528749,71.06704070767466,68.33333333333333,71.66666666666667,64.0,70.5,-0.10344827586206896,2.8125,-0.06582391408417267,2.617728532506386,-0.6666666666666666,2.2222222222222223,0.0,0.0,-2.5,-1.9042509624047739,2.0,5.0,-0.03508771929824561,-0.026795135177186718,0.027906976744186046,0.07092198581560284,-9.724137931034477,-0.13596914175506258,-11.138784483263734,-0.1552616422609433,-18.66666666666667,-0.27317073170731715,-22.0,-0.34375,Big West,-2.5,2.0,3.0,54.5,68.0,68.0909090909091,,71.0,67.0,66.95454545454545,,65.5,2.0,2.2727272727272805,,11.0,0.029850746268656716,0.03394433129667357,,0.16793893129770993,0,0,1,2017-11-24,N,Cal Poly,1,53.0,56.0,4.0,7.0,W,0.1497109320137585,0.14976001706834108,,0.15126437029047762,0.07283927425974779,0.07183475391821098,,0.03647563789611141,3,0.75,0.7052341597796143,,0.0,1.8484848484848442,0.7289167622734425,-1.3333333333333286,-13.0,0.42200000000000004,0.4214242424242424,,0.4030000000000001,0,2.0,0.427,0.42687878787878786,,0.423,0.4549999999999999,0.47093745431611833,0.5503333333333333,0.5610000000000008,0.024375624375624322,0.00929611073620839,-0.015094339622641456,-0.16774193548387098,2.125,0.12092688366252484,-0.08167586053310205,-4.716666666666667,-4.716666666666667,-0.2999999999999936,-0.2999999999999936,1.300877192982454,-0.6481950957024958,-2.7511113538852694,-0.8354371835193793,-2.1544444444444473
2017-11-25,N,Idaho,L,66.0,75.0,22.0,60.0,0.367,8.0,27.0,0.296,14.0,22.0,0.636,9.0,33.0,9.0,4.0,3.0,9.0,18.0,,24.0,55.0,0.436,8.0,19.0,0.421,19.0,24.0,0.792,7.0,30.0,17.0,7.0,3.0,11.0,17.0,1.0,-9.0,0,6,70.5,0,0,1,0,66.65517241379311,66.6,66.17263187365563,66.20411101732786,59.0,63.0,53.0,53.0,76.37931034482759,69.2,77.31141635691937,68.3587435849985,77.66666666666667,61.0,75.0,56.0,8.689655172413794,0.18197113339160698,8.488774287195364,0.17968457539891947,8.0,0.14679309821357173,3.0,0.08270205299045108,7.551724137931035,-0.0534087551674724,7.910237967521615,-0.0518858275905974,9.666666666666666,-0.034835837513724655,10.0,-0.09923864781817429,0.39224137931034486,0.42700000000000005,0.38157204821981133,0.4243712418359656,0.34533333333333327,0.4116666666666666,0.27500000000000013,0.3389999999999999,0.46775862068965524,0.4418,0.4678424402482705,0.4362054605937234,0.4669999999999999,0.3860000000000001,0.475,0.35800000000000004,71.51724137931035,67.9,71.74202411528749,67.28142730116316,68.33333333333333,62.0,64.0,54.5,-0.10344827586206896,2.16,-0.06582391408417267,1.8697118577496412,-0.6666666666666666,0.6666666666666666,0.0,0.0,-2.6000000000000085,-2.154632567670646,2.0,-3.0,-0.0382916053019147,-0.03202418043282795,0.03225806451612903,-0.05504587155963303,-9.724137931034477,-0.13596914175506258,-11.138784483263734,-0.1552616422609433,-18.66666666666667,-0.27317073170731715,-22.0,-0.34375,Big West,-2.6,-1.75,9.0,70.5,64.5,64.49635514784177,64.66666666666667,62.0,65.375,65.09615857154559,61.833333333333336,63.0,-1.75,-1.1996068474076367,5.666666666666671,-2.0,-0.02676864244741874,-0.01842822792821451,0.09164420485175209,-0.031746031746031744,0,0,1,2017-11-25,N,Cal Poly,1,66.0,75.0,8.0,8.0,W,0.012057033244948667,0.02248770744843054,0.057609658514668094,0.17034660563804693,-0.007863984745398012,-0.006493410156332036,0.025458688743569047,-0.032274362103888565,5,0.0,0.0012886113717095636,0.5555555555555556,0.0,4.75862068965516,4.33264940142044,0.6666666666666714,-14.0,0.41075,0.4085552461299042,0.38633333333333336,0.397,0,1.0,0.4235,0.42421991973134576,0.4383333333333333,0.40699999999999986,0.42717241379310344,0.4408334488903438,0.4640000000000002,0.5869999999999999,0.06612362242453265,0.058772220981939356,0.009049773755656172,-0.16470588235294117,1.2625000000000028,-0.037828801422915635,-0.025376192319288934,-3.4780952380952357,-3.4780952380952357,-4.341666666666665,-4.341666666666665,1.3905797101449244,-0.6481950957024958,-1.8311921134112468,-0.8354371835193793,2.440069444444443
2017-12-02,,Pepperdine,W,91.0,81.0,30.0,57.0,0.526,11.0,27.0,0.407,20.0,23.0,0.87,6.0,29.0,19.0,5.0,4.0,7.0,21.0,,29.0,55.0,0.527,2.0,11.0,0.182,21.0,27.0,0.778,5.0,26.0,14.0,3.0,1.0,9.0,14.0,7.0,10.0,1,7,86.0,1,0,0,1,66.65517241379311,66.5,66.17263187365563,66.16396773034761,59.0,64.0,53.0,66.0,76.37931034482759,70.16666666666667,77.31141635691937,69.66490464218775,77.66666666666667,66.33333333333333,75.0,75.0,8.689655172413794,0.1601598484224272,8.488774287195364,0.15426419980961803,8.0,0.13960063789611143,3.0,0.05011200153247508,7.551724137931035,-0.04274051412289098,7.910237967521615,-0.0395286329335518,9.666666666666666,0.03320930623781998,10.0,0.006475637896111441,0.39224137931034486,0.41700000000000004,0.38157204821981133,0.4130878223734289,0.34533333333333327,0.37833333333333324,0.27500000000000013,0.36699999999999994,0.46775862068965524,0.44083333333333335,0.4678424402482705,0.436165051880441,0.4669999999999999,0.4050000000000001,0.475,0.43600000000000005,71.51724137931035,68.33333333333333,71.74202411528749,67.91443618626765,68.33333333333333,65.16666666666667,64.0,70.5,-0.10344827586206896,1.75,-0.06582391408417267,1.407684561796527,-0.6666666666666666,0.0,0.0,0.0,-3.6666666666666714,-3.5009369118401423,-2.3333333333333286,-9.0,-0.05365853658536593,-0.051549230302644175,-0.035805626598465395,-0.1276595744680851,-9.724137931034477,-0.13596914175506258,-11.138784483263734,-0.1552616422609433,-18.66666666666667,-0.27317073170731715,-22.0,-0.34375,Big West,-3.6666666666666665,-9.833333333333334,-10.0,86.0,73.33333333333333,73.9420269703046,75.66666666666667,82.0,78.25,78.62089724280162,78.66666666666667,85.0,-9.833333333333343,-9.357740544994044,-6.0,-6.0,-0.12566560170394048,-0.1190235786306906,-0.07627118644067796,-0.07058823529411765,0,1,0,2017-12-02,@,Cal Poly,0,91.0,81.0,2.0,11.0,L,-0.11579708937661581,-0.11202934228999195,-0.0756388995488225,-0.057426801128278804,0.05320910482997915,0.0573626237729537,0.07831237258998897,0.1978392742597478,7,0.7777777777777777,0.8725331010245341,0.7777777777777777,7.0,-8.322580645161295,-6.458571358810488,8.0,-3.0,0.4785000000000001,0.47818920222456096,0.4753333333333334,0.4579999999999999,-1,3.0,0.4458333333333333,0.45125271196569405,0.47766666666666663,0.5169999999999999,0.48670967741935495,0.4803816183918015,0.43900000000000033,0.4780000000000005,-0.11193058568329724,-0.08778136630016277,0.11214953271028039,-0.044444444444444446,-4.958333333333336,0.09231447429445991,0.07035074366267154,0.02592592592592524,0.02592592592592524,1.8190476190476244,1.8190476190476244,-1.2981812169312177,-0.6481950957024958,-0.7328899795668455,-0.8354371835193793,1.2955026455026466
2017-12-09,,Fresno State,L,63.0,83.0,22.0,60.0,0.367,4.0,20.0,0.2,15.0,18.0,0.833,11.0,29.0,11.0,4.0,1.0,14.0,25.0,,26.0,51.0,0.51,9.0,18.0,0.5,22.0,27.0,0.815,9.0,32.0,11.0,3.0,4.0,12.0,18.0,7.0,-20.0,0,8,73.0,1,0,0,1,66.65517241379311,70.0,66.17263187365563,70.48659230159839,59.0,70.0,53.0,91.0,76.37931034482759,71.71428571428571,77.31141635691937,71.63773835327214,77.66666666666667,70.66666666666667,75.0,81.0,8.689655172413794,0.13953686238590735,8.488774287195364,0.13063688270717555,8.0,0.057904209324682876,3.0,0.04911300053347406,7.551724137931035,-0.07448053740269334,7.910237967521615,-0.07887170725906018,9.666666666666666,-0.11541115455671877,10.0,-0.2394502880298145,0.39224137931034486,0.43257142857142866,0.38157204821981133,0.43273979206419305,0.34533333333333327,0.41066666666666657,0.27500000000000013,0.526,0.46775862068965524,0.4531428571428572,0.4678424402482705,0.451974556973961,0.4669999999999999,0.44033333333333347,0.475,0.5270000000000001,71.51724137931035,70.85714285714286,71.74202411528749,71.06216532743525,68.33333333333333,70.33333333333333,64.0,86.0,-0.10344827586206896,0.6530612244897959,-0.06582391408417267,0.30840614204841615,-0.6666666666666666,0.8888888888888888,0.0,8.0,-1.7142857142857082,-1.1511460516737486,-0.6666666666666714,10.0,-0.024193548387096687,-0.016199141221908714,-0.009478672985782059,0.11627906976744186,-9.724137931034477,-0.13596914175506258,-11.138784483263734,-0.1552616422609433,-18.66666666666667,-0.27317073170731715,-22.0,-0.34375,Big West,-1.7142857142857142,11.0,20.0,73.0,79.875,80.31139405471423,86.33333333333333,70.0,74.375,74.25299941463608,75.83333333333333,62.5,11.0,12.116789280156269,21.0,15.0,0.14789915966386555,0.1631824892688162,0.27692307692307694,0.24,0,1,0,2017-12-09,@,Cal Poly,1,63.0,83.0,9.0,4.0,W,-0.06000323534332519,-0.06570536852164408,-0.0818641304436569,-0.09923864781817429,-0.003179534517681659,0.0025986093305481184,0.06912869912060127,0.013748365168838705,9,0.140625,0.2185263835964516,1.0,9.0,6.333333333333343,4.733100068817393,-5.0,-12.0,0.44025000000000003,0.4361492477935872,0.42966666666666664,0.3270000000000001,-1,4.0,0.4991250000000001,0.49838543986350703,0.5233333333333333,0.43800000000000017,0.43346666666666667,0.43054715580685426,0.4153333333333335,0.42300000000000015,0.0873563218390806,0.06598244632977401,-0.07518796992481203,-0.20689655172413793,-1.7589285714285694,-0.02106329201347662,0.0668511272475726,0.18724489795918636,0.18724489795918636,-3.860863095238095,-3.860863095238095,-1.5378586691086678,-0.6481950957024958,-1.8171315032231956,-0.8354371835193793,2.5890039997480483
2017-12-12,@,Bethune-Cookman,L,53.0,67.0,22.0,66.0,0.333,3.0,25.0,0.12,6.0,9.0,0.667,11.0,30.0,8.0,5.0,5.0,8.0,15.0,,25.0,58.0,0.431,5.0,11.0,0.455,12.0,21.0,0.571,15.0,46.0,13.0,4.0,6.0,12.0,12.0,3.0,-14.0,0,9,60.0,0,1,0,-1,66.65517241379311,69.125,66.17263187365563,69.30992719687632,59.0,73.33333333333333,53.0,63.0,76.37931034482759,73.125,77.31141635691937,73.42354105920715,77.66666666666667,79.66666666666667,75.0,83.0,8.689655172413794,0.10962211167549663,8.488774287195364,0.09439517282639359,8.0,0.00011200153247509226,3.0,-0.1230481716276981,7.551724137931035,-0.06224231082183729,7.910237967521615,-0.06276627746897417,9.666666666666666,-0.0750306382545162,10.0,0.011776842715388536,0.39224137931034486,0.42437500000000006,0.38157204821981133,0.42240749184035076,0.34533333333333327,0.41999999999999993,0.27500000000000013,0.367,0.46775862068965524,0.46025000000000005,0.4678424402482705,0.4610943956461165,0.4669999999999999,0.4910000000000001,0.475,0.5100000000000001,71.51724137931035,71.125,71.74202411528749,71.36673412804173,68.33333333333333,76.5,64.0,73.0,-0.10344827586206896,0.140625,-0.06582391408417267,0.0006221937496552156,-0.6666666666666666,4.0,0.0,9.0,-4.0,-4.113613862330837,-6.333333333333343,-20.0,-0.056239015817223195,-0.057640494728965014,-0.08278867102396527,-0.273972602739726,-9.724137931034477,-0.13596914175506258,-11.138784483263734,-0.1552616422609433,-18.66666666666667,-0.27317073170731715,-22.0,-0.34375,Big West,-4.0,-4.857142857142857,14.0,60.0,77.14285714285714,77.61118059206166,79.66666666666667,87.0,79.57142857142857,79.84258702315428,81.33333333333333,88.5,-4.857142857142861,-4.462812862185231,-3.3333333333333286,-3.0,-0.061041292639138295,-0.05589514353901157,-0.04098360655737699,-0.03389830508474576,1,0,0,2017-12-12,,Cal Poly,1,53.0,67.0,5.0,3.0,W,0.008697860118333733,0.009978388338782007,-0.024821433233595702,0.03130322410300801,-0.0887856861457004,-0.08570559251306681,-0.0364159283689488,0.01980897122944475,8,1.4693877551020407,1.100524552232944,0.8888888888888888,8.0,0.2666666666666657,3.6035255625507574,1.6666666666666714,-1.0,0.4544285714285715,0.46005164203667936,0.4870000000000001,0.6480000000000001,1,4.0,0.4164285714285714,0.42116255093213784,0.42100000000000004,0.49999999999999994,0.43283333333333335,0.41880271292438925,0.3860000000000003,0.3470000000000001,0.0033140016570008166,0.04378736222872653,0.020533880903490818,-0.012903225806451613,-4.223214285714285,-0.09865533134022492,-0.02326746468720197,1.414831349206354,1.414831349206354,-4.431972789115646,-4.431972789115646,-2.157177292404565,-0.6481950957024958,-0.7983233986536282,-0.8354371835193793,-0.05580354075252024
2017-12-16,,Princeton,L,60.0,80.0,23.0,56.0,0.411,4.0,16.0,0.25,10.0,19.0,0.526,5.0,27.0,9.0,8.0,6.0,9.0,14.0,,28.0,56.0,0.5,16.0,24.0,0.667,8.0,9.0,0.889,4.0,26.0,19.0,6.0,10.0,11.0,19.0,4.0,-20.0,0,10,70.0,1,0,0,1,66.65517241379311,67.33333333333333,66.17263187365563,66.95924534414233,59.0,69.0,53.0,53.0,76.37931034482759,72.44444444444444,77.31141635691937,72.49774284957064,77.66666666666667,77.0,75.0,67.0,8.689655172413794,0.08746573690601245,8.488774287195364,0.06723193543317518,8.0,-0.05265479688649727,3.0,-0.1437130413491716,7.551724137931035,-0.0650581044351769,7.910237967521615,-0.06634625927810345,9.666666666666666,-0.10573215431168076,10.0,-0.08964376508896318,0.39224137931034486,0.41422222222222227,0.38157204821981133,0.4095215625513576,0.34533333333333327,0.40866666666666657,0.27500000000000013,0.33299999999999996,0.46775862068965524,0.4570000000000001,0.4678424402482705,0.45675701578780104,0.4669999999999999,0.48933333333333345,0.475,0.43100000000000005,71.51724137931035,69.88888888888889,71.74202411528749,69.72849409685648,68.33333333333333,73.0,64.0,60.0,-0.10344827586206896,0.49382716049382713,-0.06582391408417267,0.22874169272218522,-0.6666666666666666,1.1111111111111112,0.0,10.0,-5.111111111111114,-5.53849750542831,-8.0,-14.0,-0.0731319554848967,-0.07942947251571289,-0.1095890410958904,-0.23333333333333334,-9.724137931034477,-0.13596914175506258,-11.138784483263734,-0.1552616422609433,-18.66666666666667,-0.27317073170731715,-22.0,-0.34375,Big West,-5.111111111111111,-5.333333333333333,20.0,70.0,65.44444444444444,65.37941159107596,60.333333333333336,69.0,68.11111111111111,67.94498486122163,65.0,63.5,-5.333333333333329,-5.1311465402913115,-9.333333333333336,11.0,-0.07830342577487757,-0.0755191358239572,-0.14358974358974363,0.1732283464566929,0,1,0,2017-12-16,@,Cal Poly,1,60.0,80.0,16.0,4.0,W,0.1041326837365189,0.11050509653615465,0.18371320695688492,0.2516930292004592,-0.007401913124296666,0.0002257154012266227,0.0740354465085516,0.10026874134438729,10,0.0,0.009742741916072863,0.0,10.0,-0.4642857142857224,-0.47325827215418315,9.333333333333329,-4.0,0.46455555555555555,0.46151100220187125,0.44700000000000006,0.38600000000000007,-1,4.0,0.45211111111111113,0.4505391195959633,0.4210000000000001,0.46199999999999997,0.45239285714285726,0.44726176506406146,0.37666666666666665,0.5230000000000001,-0.006415001233654196,-0.0064258122558334295,0.128440366972477,-0.043478260869565216,0.8888888888888857,-0.025444327185659532,-0.08230841399058601,0.7802148468815189,0.7802148468815189,-0.27405403238736725,-0.27405403238736725,-2.5842962592962593,-0.6481950957024958,-0.6799911691735956,-0.8354371835193793,-0.4365025596675418
2017-12-19,@,SMU,L,64.0,84.0,22.0,59.0,0.373,12.0,38.0,0.316,8.0,12.0,0.667,7.0,29.0,19.0,2.0,5.0,9.0,17.0,,26.0,52.0,0.5,15.0,28.0,0.536,17.0,25.0,0.68,8.0,39.0,17.0,5.0,1.0,10.0,15.0,3.0,-20.0,0,11,74.0,0,1,0,-1,66.65517241379311,66.6,66.17263187365563,66.02834506777079,59.0,58.666666666666664,53.0,60.0,76.37931034482759,73.2,77.31141635691937,73.50127885231029,77.66666666666667,76.66666666666667,75.0,80.0,8.689655172413794,0.06935852077899435,8.488774287195364,0.0452606590714964,8.0,-0.12602436210388857,3.0,-0.11352436210388855,7.551724137931035,-0.026639116202249236,7.910237967521615,-0.014978380253954704,9.666666666666666,0.07777998572219835,10.0,0.2864756378961114,0.39224137931034486,0.41390000000000005,0.38157204821981133,0.4097193250617277,0.34533333333333327,0.37033333333333324,0.27500000000000013,0.411,0.46775862068965524,0.46130000000000004,0.4678424402482705,0.46254139382932963,0.4669999999999999,0.48033333333333345,0.475,0.5,71.51724137931035,69.9,71.74202411528749,69.76481196004052,68.33333333333333,67.66666666666667,64.0,70.0,-0.10344827586206896,0.11000000000000001,-0.06582391408417267,8.338630492431352e-05,-0.6666666666666666,1.222222222222222,0.0,11.0,-6.6000000000000085,-7.4729337845395065,-18.000000000000007,-20.0,-0.09442060085836922,-0.10711608867834131,-0.26600985221674883,-0.2857142857142857,-9.724137931034477,-0.13596914175506258,-11.138784483263734,-0.1552616422609433,-18.66666666666667,-0.27317073170731715,-22.0,-0.34375,Big West,-6.6,15.333333333333334,20.0,74.0,76.16666666666667,76.69119048022633,82.66666666666667,86.0,68.5,69.3855732797088,78.5,74.5,15.333333333333336,14.611234401035098,8.333333333333343,23.0,0.22384428223844285,0.21058029371803183,0.1061571125265394,0.3087248322147651,1,0,0,2017-12-19,,Cal Poly,1,64.0,84.0,15.0,12.0,W,0.044243690412522796,0.04047741875012634,0.02518531531546625,0.07019656812866959,0.060448240635837425,0.06360829737148288,0.09006308184229977,0.1626661140865876,13,4.423611111111112,4.088241504170597,1.4444444444444444,13.0,5.424242424242422,0.648401522791417,-4.666666666666664,-10.0,0.41408333333333336,0.4220127809737488,0.4713333333333334,0.3769999999999998,1,1.0,0.4818333333333335,0.4892757006306344,0.5476666666666667,0.5890000000000003,0.4220909090909091,0.43045700819405536,0.4500000000000002,0.42099999999999976,0.0812343998184706,0.009795942510882621,-0.07291666666666663,-0.17857142857142858,0.7000000000000028,0.06475029385411606,-0.03433093080759004,0.2884343434343464,0.2884343434343464,-0.39418798793798554,-0.39418798793798554,-2.009689937782721,-0.6481950957024958,-0.6584206236848082,-0.8354371835193793,1.6383958847105946
2017-12-21,@,Texas-Arlington,L,56.0,77.0,18.0,55.0,0.327,9.0,27.0,0.333,11.0,17.0,0.647,9.0,33.0,11.0,8.0,4.0,17.0,23.0,,26.0,60.0,0.433,9.0,19.0,0.474,16.0,20.0,0.8,10.0,39.0,17.0,10.0,5.0,14.0,19.0,2.0,-21.0,0,12,66.5,0,1,0,-1,66.65517241379311,66.36363636363636,66.17263187365563,65.77408474367849,59.0,59.0,53.0,64.0,76.37931034482759,74.18181818181819,77.31141635691937,74.81733117692785,77.66666666666667,77.0,75.0,84.0,8.689655172413794,0.08510577488241283,8.488774287195364,0.07010828380820255,8.0,0.008509536201196155,3.0,0.24897563789611143,7.551724137931035,-0.0010243621038885653,7.910237967521615,0.018400401144751277,9.666666666666666,0.15400810542857896,10.0,0.22218992361039713,0.39224137931034486,0.4101818181818182,0.38157204821981133,0.4051164260584992,0.34533333333333327,0.37233333333333324,0.27500000000000013,0.37300000000000005,0.46775862068965524,0.46481818181818185,0.4678424402482705,0.4672369643692418,0.4669999999999999,0.4770000000000001,0.475,0.5,71.51724137931035,70.27272727272727,71.74202411528749,70.29570796030315,68.33333333333333,68.0,64.0,74.0,-0.10344827586206896,0.39669421487603307,-0.06582391408417267,0.18138695714222738,-0.6666666666666666,1.3333333333333333,0.0,12.0,-7.818181818181827,-9.043246433249365,-18.0,-20.0,-0.11125485122897814,-0.12864578358548145,-0.2647058823529412,-0.2702702702702703,-9.724137931034477,-0.13596914175506258,-11.138784483263734,-0.1552616422609433,-18.66666666666667,-0.27317073170731715,-22.0,-0.34375,Big West,-7.818181818181818,6.636363636363637,21.0,66.5,79.18181818181819,78.60200895984163,81.66666666666667,81.0,75.86363636363636,75.62133511752856,80.83333333333333,85.5,6.63636363636364,5.9613476846261335,1.6666666666666714,-9.0,0.08747753145596171,0.07883155825483872,0.020618556701030986,-0.10526315789473684,1,0,0,2017-12-21,,Cal Poly,1,56.0,77.0,9.0,9.0,W,0.020574374979923093,0.018451843092207765,0.029332780753254295,0.01980897122944475,0.05489669052769036,0.05986400391598362,0.03647563789611141,0.11980897122944478,12,0.09917355371900827,0.1808418577821105,1.3333333333333333,12.0,3.636363636363626,2.437760705250895,2.0,-13.0,0.4182727272727273,0.4193105464742042,0.4583333333333333,0.44900000000000007,1,3.0,0.4773636363636364,0.4714475693571052,0.4683333333333335,0.46500000000000025,0.4186060606060606,0.42034640556539693,0.39799999999999985,0.4459999999999998,0.04786597526924598,0.03206407493976506,0.028169014084507043,-0.1925925925925926,-2.7954545454545467,0.06835221566152118,-0.004590818014322315,1.7856184219820597,1.7856184219820597,0.6979020979020963,0.6979020979020963,-2.3018456399921936,-0.6481950957024958,-0.10545125569142368,-0.8354371835193793,0.06832689579537486
2018-01-04,,UCSB,W,80.0,79.0,30.0,69.0,0.435,8.0,17.0,0.471,12.0,14.0,0.857,9.0,29.0,13.0,3.0,7.0,6.0,18.0,,29.0,63.0,0.46,6.0,18.0,0.333,15.0,19.0,0.789,10.0,37.0,12.0,4.0,10.0,9.0,12.0,14.0,1.0,1,13,79.5,1,0,0,1,66.65517241379311,65.5,66.17263187365563,64.61678645843647,59.0,60.0,53.0,56.0,76.37931034482759,74.41666666666667,77.31141635691937,75.07576958343198,77.66666666666667,80.33333333333333,75.0,77.0,8.689655172413794,0.09105579056786717,8.488774287195364,0.08021693313722,8.0,0.10314230456277812,3.0,0.16861849503896859,7.551724137931035,0.0022651115803219435,7.910237967521615,0.020674306574212875,9.666666666666666,0.18440094909943094,10.0,0.03712498854546209,0.39224137931034486,0.40325000000000005,0.38157204821981133,0.3958670683643983,0.34533333333333327,0.37033333333333324,0.27500000000000013,0.32700000000000007,0.46775862068965524,0.46216666666666667,0.4678424402482705,0.46318314437529884,0.4669999999999999,0.47766666666666674,0.475,0.43300000000000005,71.51724137931035,69.95833333333333,71.74202411528749,69.84627802093421,68.33333333333333,70.16666666666667,64.0,66.5,-0.10344827586206896,0.8125,-0.06582391408417267,0.6686551405057996,-0.6666666666666666,1.4444444444444444,0.0,13.0,-8.916666666666671,-10.458983124995513,-20.33333333333333,-21.0,-0.12745681953543783,-0.14974288425019247,-0.28978622327790965,-0.3157894736842105,-9.724137931034477,-0.13596914175506258,-11.138784483263734,-0.1552616422609433,-18.66666666666667,-0.27317073170731715,-22.0,-0.34375,Big West,-8.916666666666666,4.583333333333333,-1.0,79.5,78.0,78.78693755878783,86.66666666666667,82.0,75.70833333333333,76.26566710182063,83.16666666666667,77.0,4.583333333333329,5.0425409139344595,7.0,10.0,0.06053935057787556,0.06611809881899117,0.0841683366733467,0.12987012987012986,0,1,0,2018-01-04,@,Cal Poly,0,80.0,79.0,6.0,8.0,L,0.010193586614060168,0.012584081826338633,0.05570640712688063,0.08891466228635536,-0.003649220219666127,0.003907635234839557,0.06304467555301518,0.10314230456277812,13,0.8125,1.062419331572808,13.0,13.0,5.466666666666669,5.871157477866305,14.666666666666664,-3.0,0.4421666666666666,0.4430982662681317,0.4786666666666665,0.44300000000000006,-1,12.0,0.4749999999999999,0.4786814265586475,0.5106666666666667,0.4710000000000004,0.4387,0.43407203360982516,0.35733333333333306,0.40400000000000025,0.07540229885057474,0.08282992783963887,0.22335025380710655,-0.05042016806722689,-2.875,-0.018228621233048456,0.0048051650423812115,1.655241980241979,1.655241980241979,-0.9041514041514045,-0.9041514041514045,-1.9338760028531472,-0.6481950957024958,0.20636665197983048,-0.8354371835193793,0.5349104026323036
2018-01-06,,Cal State Fullerton,L (1 OT),97.0,101.0,31.0,73.0,0.425,19.0,39.0,0.487,16.0,19.0,0.842,9.0,31.0,15.0,7.0,9.0,12.0,27.0,,36.0,62.0,0.581,3.0,8.0,0.375,26.0,42.0,0.619,10.0,40.0,11.0,4.0,4.0,15.0,19.0,2.0,-4.0,0,14,99.0,1,0,0,1,66.65517241379311,66.61538461538461,66.17263187365563,66.34863005739803,59.0,66.66666666666667,53.0,80.0,76.37931034482759,74.76923076923077,77.31141635691937,75.51755980557388,77.66666666666667,80.0,75.0,79.0,8.689655172413794,0.08139480648733549,8.488774287195364,0.06749214451349922,8.0,0.12147563789611138,3.0,-0.013524362103888576,7.551724137931035,-0.004882386795246607,7.910237967521615,0.008149225247436553,9.666666666666666,0.061475637896111435,10.0,-0.08567626083806579,0.39224137931034486,0.4056923076923077,0.38157204821981133,0.40027265741629603,0.34533333333333327,0.37833333333333324,0.27500000000000013,0.435,0.46775862068965524,0.462,0.4678424402482705,0.462824785688017,0.4669999999999999,0.46433333333333343,0.475,0.46,71.51724137931035,70.6923076923077,71.74202411528749,70.93309493148594,68.33333333333333,73.33333333333333,64.0,79.5,-0.10344827586206896,0.33136094674556216,-0.06582391408417267,0.11009904942006946,-0.6666666666666666,1.5555555555555554,0.0,14.0,-8.15384615384616,-9.168929748175856,-13.333333333333329,1.0,-0.11534276387377593,-0.1292616620920333,-0.18181818181818177,0.012578616352201259,-9.724137931034477,-0.13596914175506258,-11.138784483263734,-0.1552616422609433,-18.66666666666667,-0.27317073170731715,-22.0,-0.34375,Big West,-8.916666666666666,-4.3,4.0,99.0,71.27272727272727,73.32475995961303,78.0,68.0,73.0909090909091,74.37729750990104,77.66666666666667,66.5,-3.6363636363636402,-2.1050751005760304,0.6666666666666714,3.0,-0.04975124378109458,-0.028302656469816004,0.008583690987124524,0.045112781954887216,0,1,0,2018-01-06,@,Cal Poly,1,97.0,101.0,3.0,19.0,W (1 OT),-0.09541211720592938,-0.09413294898030047,-0.1596782082577347,-0.18117142092741798,-0.011339896084471057,-0.008364536625803942,0.02268253444783558,0.148014099434573,12,0.39669421487603307,0.35462337470635663,1.3333333333333333,12.0,0.09999999999999432,1.4219615513960662,-2.3333333333333357,-26.0,0.43236363636363645,0.42909792582336675,0.39233333333333326,0.33899999999999986,-1,3.0,0.45745454545454545,0.46671514478844606,0.4836666666666667,0.54,0.4221000000000001,0.4097493028928184,0.3553333333333332,0.38999999999999974,0.0013930810308798837,0.020217735132512564,-0.039436619718309904,-0.4262295081967213,-1.1993006993007,-0.030381057377616323,0.0215833005157402,1.676598401598402,1.4701610889110885,-0.8023226773226763,-0.07486263736263724,-1.5285207357084418,-0.6481950957024958,0.6110051146480487,-0.8354371835193793,0.7505697518536256
2018-01-10,@,Hawaii,L,45.0,57.0,18.0,56.0,0.321,3.0,19.0,0.158,6.0,10.0,0.6,1.0,24.0,4.0,7.0,0.0,9.0,23.0,,17.0,42.0,0.405,7.0,21.0,0.333,16.0,28.0,0.571,5.0,38.0,12.0,7.0,2.0,13.0,16.0,4.0,-12.0,0,15,51.0,0,1,0,-1,66.65517241379311,68.78571428571429,66.17263187365563,69.64788405889277,59.0,77.66666666666667,53.0,97.0,76.37931034482759,76.64285714285714,77.31141635691937,78.26044023593462,77.66666666666667,85.66666666666667,75.0,101.0,8.689655172413794,0.10080585596464725,8.488774287195364,0.0984653366626228,8.0,0.14999495120083245,3.0,0.2741045038754929,7.551724137931035,-0.02554672929866958,7.910237967521615,-0.02415718481516077,9.666666666666666,-0.10340763058637886,10.0,-0.22441545121279946,0.39224137931034486,0.4070714285714286,0.38157204821981133,0.4029342606046164,0.34533333333333327,0.3956666666666666,0.27500000000000013,0.425,0.46775862068965524,0.4705,0.4678424402482705,0.4755449365141112,0.4669999999999999,0.4913333333333334,0.475,0.581,71.51724137931035,72.71428571428571,71.74202411528749,73.95416214741368,68.33333333333333,81.66666666666667,64.0,99.0,-0.10344827586206896,0.07653061224489795,-0.06582391408417267,0.012186335553728275,-0.6666666666666666,1.6666666666666665,0.0,15.0,-7.857142857142847,-8.612556177041853,-8.0,-4.0,-0.10805500982318259,-0.1164580319343534,-0.09795918367346938,-0.04040404040404041,-9.724137931034477,-0.13596914175506258,-11.138784483263734,-0.1552616422609433,-18.66666666666667,-0.27317073170731715,-22.0,-0.34375,Big West,-8.916666666666666,0.09090909090909091,12.0,51.0,70.76923076923077,70.87015114016585,76.66666666666667,65.0,70.3076923076923,70.0693875719987,70.66666666666667,55.5,0.923076923076934,1.6015271363343118,12.0,19.0,0.013129102844639105,0.0228563027568735,0.16981132075471697,0.34234234234234234,1,0,0,2018-01-10,,Cal Poly,1,45.0,57.0,7.0,3.0,W,-0.055915666451714696,-0.03958904369854688,0.06473650746132881,-0.08275513133465778,-0.035991322456311425,-0.047194268172279175,-0.12795735179461024,-0.11787218819084508,14,4.059171597633136,2.601531730953328,1.5555555555555554,14.0,0.1785714285714306,-0.14340847880325214,-1.3333333333333286,-1.0,0.42930769230769233,0.43325190343009073,0.4433333333333334,0.2749999999999998,1,4.0,0.44876923076923086,0.4539545476449636,0.5016666666666668,0.4720000000000001,0.4441071428571429,0.4489666868193711,0.45933333333333337,0.44200000000000006,0.0025873221216041694,-0.002106214876127778,-0.02040816326530605,-0.014814814814814815,1.2032967032967008,-0.06023401088677479,0.03779500488684524,0.9379465247637516,0.975223326510091,-2.461846059922985,-0.7988775113775133,-1.3075514097394443,-0.6481950957024958,0.5745047493160449,-0.8354371835193793,0.4671127385689572
2018-01-18,@,UC-Irvine,L,73.0,80.0,26.0,60.0,0.433,7.0,22.0,0.318,14.0,20.0,0.7,4.0,23.0,6.0,7.0,3.0,13.0,14.0,,33.0,64.0,0.516,5.0,17.0,0.294,9.0,13.0,0.692,9.0,39.0,17.0,6.0,2.0,15.0,18.0,8.0,-7.0,0,16,76.5,0,1,0,-1,66.65517241379311,67.2,66.17263187365563,67.09925453510219,59.0,74.0,53.0,45.0,76.37931034482759,75.33333333333333,77.31141635691937,76.06207766880226,77.66666666666667,79.0,75.0,57.0,8.689655172413794,0.09123754265801615,8.488774287195364,0.08376468308264262,8.0,0.09188104330151686,3.0,-0.11352436210388855,7.551724137931035,-0.02148896387380006,7.910237967521615,-0.01803146817806167,9.666666666666666,-0.11099271653426832,10.0,0.05489669052769036,0.39224137931034486,0.4013333333333333,0.38157204821981133,0.39446213070137887,0.34533333333333327,0.3936666666666666,0.27500000000000013,0.321,0.46775862068965524,0.46613333333333334,0.4678424402482705,0.46825048042513395,0.4669999999999999,0.48200000000000004,0.475,0.405,71.51724137931035,71.26666666666667,71.74202411528749,71.5806661019522,68.33333333333333,76.5,64.0,51.0,-0.10344827586206896,0.28444444444444444,-0.06582391408417267,0.09695946603263085,-0.6666666666666666,1.7777777777777777,0.0,16.0,-8.133333333333326,-8.96282313370007,-5.0,-12.0,-0.11412535079513554,-0.1252129048496746,-0.06535947712418301,-0.23529411764705882,-9.724137931034477,-0.13596914175506258,-11.138784483263734,-0.1552616422609433,-18.66666666666667,-0.27317073170731715,-22.0,-0.34375,Big West,-8.916666666666666,-8.285714285714286,7.0,76.5,66.88888888888889,66.88611204911162,73.66666666666667,71.0,69.66666666666667,68.85512725253709,69.16666666666667,62.5,-5.555555555555557,-3.9380304068509417,9.0,17.0,-0.07974481658692187,-0.05719298713090154,0.13012048192771083,0.272,1,0,0,2018-01-18,,Cal Poly,1,73.0,80.0,5.0,7.0,W,0.00042912626820446054,0.005516912791347084,0.10729011753412043,0.10901084916371706,-0.019045834496526637,-0.03598956994352165,-0.06610168169151745,-0.035746584326110775,19,2.873456790123457,1.623854516534007,2.111111111111111,19.0,0.12121212121211045,2.6405802685818145,-3.999999999999993,-16.0,0.4151666666666667,0.4150235524689561,0.41100000000000003,0.34,1,5.0,0.42016666666666663,0.4233856260240949,0.4710000000000001,0.48299999999999993,0.3948787878787879,0.38584706154548293,0.3966666666666667,0.421,0.0017897091722593487,0.03974568290136354,-0.063157894736842,-0.25396825396825395,0.7999999999999972,-0.041685670647530246,-0.0030366888011029857,0.9232820204105053,0.8041025255131302,2.400583123112794,4.554242837485872,-0.6929146875830726,-0.6481950957024958,0.5481091945997373,-0.8354371835193793,-0.49838101831214626
2018-01-20,@,Cal State Northridge,L,54.0,72.0,20.0,56.0,0.357,3.0,21.0,0.143,11.0,12.0,0.917,8.0,26.0,7.0,8.0,0.0,12.0,17.0,,25.0,48.0,0.521,6.0,15.0,0.4,16.0,19.0,0.842,5.0,33.0,11.0,7.0,1.0,13.0,14.0,2.0,-18.0,0,17,63.0,0,1,0,-1,66.65517241379311,67.5625,66.17263187365563,67.68778132269814,59.0,71.66666666666667,53.0,73.0,76.37931034482759,75.625,77.31141635691937,76.45483698932692,77.66666666666667,79.33333333333333,75.0,80.0,8.689655172413794,0.08333040200341946,8.488774287195364,0.07197361721574408,8.0,0.09112680068680906,3.0,-0.025853129227176253,7.551724137931035,-0.02840039516173981,7.910237967521615,-0.02930187397808881,9.666666666666666,-0.1244487318517877,10.0,-0.12602436210388857,0.39224137931034486,0.40331249999999996,0.38157204821981133,0.3983058091915005,0.34533333333333327,0.39299999999999996,0.27500000000000013,0.433,0.46775862068965524,0.46925,0.4678424402482705,0.47301290773738086,0.4669999999999999,0.5006666666666667,0.475,0.516,71.51724137931035,71.59375,71.74202411528749,72.07130915601252,68.33333333333333,75.5,64.0,76.5,-0.10344827586206896,0.59765625,-0.06582391408417267,0.4902562748726486,-0.6666666666666666,1.8888888888888888,0.0,17.0,-8.0625,-8.767055666628778,-7.666666666666657,-7.0,-0.11261457878655609,-0.1216441850341689,-0.10154525386313454,-0.0915032679738562,-9.724137931034477,-0.13596914175506258,-11.138784483263734,-0.1552616422609433,-18.66666666666667,-0.27317073170731715,-22.0,-0.34375,Big West,-8.916666666666666,-11.583333333333334,18.0,63.0,63.3125,62.601701911164724,63.333333333333336,66.0,68.8125,67.6144724457921,66.33333333333333,61.5,-11.0,-10.025541069254729,-5.999999999999993,9.0,-0.15985467756584923,-0.14827507642379978,-0.09045226130653257,0.14634146341463414,1,0,0,2018-01-20,,Cal Poly,1,54.0,72.0,6.0,3.0,W,-0.04995081817496455,-0.040553921440130536,0.06542300631716408,0.0046574560779296115,-0.038503336031558866,-0.04718362124110198,-0.05390897748850393,0.0022651115803219435,17,1.0625,0.4194858467315091,1.8888888888888888,17.0,-9.964285714285708,-9.965274962208142,-13.0,-26.0,0.4631875,0.45294240164256,0.42233333333333345,0.3210000000000003,1,3.0,0.412125,0.40569757274786505,0.387,0.407,0.46985714285714286,0.4766717774594964,0.5363333333333334,0.571,-0.14282057844893772,-0.13974408868761304,-0.1532416502946955,-0.29213483146067415,1.390625,-0.056643609259849834,0.03766461170410772,0.5310062457000368,0.7659030644421527,-3.405888265393876,-2.8495778867102395,-0.5506258705175121,-0.6481950957024958,0.5214281275130106,-0.8354371835193793,-0.6896180922586086
2018-01-25,,Long Beach State,L,71.0,87.0,23.0,54.0,0.426,10.0,20.0,0.5,15.0,16.0,0.938,4.0,26.0,16.0,5.0,4.0,14.0,21.0,,27.0,64.0,0.422,5.0,13.0,0.385,28.0,33.0,0.848,15.0,43.0,12.0,10.0,3.0,9.0,16.0,5.0,-16.0,0,18,79.0,1,0,0,1,66.65517241379311,66.76470588235294,66.17263187365563,66.36629635496763,59.0,57.333333333333336,53.0,54.0,76.37931034482759,75.41176470588235,77.31141635691937,76.02474536408134,77.66666666666667,69.66666666666667,75.0,72.0,8.689655172413794,0.07237872159655195,8.488774287195364,0.05478326352888241,8.0,-0.08678017605737695,3.0,-0.1468576954372219,7.551724137931035,-0.030373036050846458,7.910237967521615,-0.03243096554923247,9.666666666666666,-0.05515115636226181,10.0,-0.06352436210388857,0.39224137931034486,0.40058823529411763,0.38157204821981133,0.3943179455166187,0.34533333333333327,0.37033333333333324,0.27500000000000013,0.35700000000000004,0.46775862068965524,0.4722941176470588,0.4678424402482705,0.4776458149686639,0.4669999999999999,0.48066666666666674,0.475,0.5209999999999999,71.51724137931035,71.08823529411765,71.74202411528749,71.19552085952446,68.33333333333333,63.5,64.0,63.0,-0.10344827586206896,0.9965397923875433,-0.06582391408417267,1.124721085628366,-0.6666666666666666,18.0,0.0,18.0,-8.647058823529406,-9.65844900911371,-12.333333333333336,-18.0,-0.12163839470417864,-0.13566090805306064,-0.19422572178477693,-0.2857142857142857,-9.724137931034477,-0.13596914175506258,-11.138784483263734,-0.1552616422609433,-18.66666666666667,-0.27317073170731715,-22.0,-0.34375,Big West,-8.916666666666666,-12.285714285714286,16.0,79.0,74.3,75.04432565711065,77.0,81.0,78.325,78.05429568063681,76.0,77.0,-8.049999999999997,-6.019940047052316,2.0,8.0,-0.10277689115863385,-0.07712503193524686,0.02631578947368421,0.1038961038961039,0,1,0,2018-01-25,@,Cal Poly,1,71.0,87.0,5.0,10.0,W,-0.06318788834884143,-0.07277714270160418,-0.05378410236362885,0.09388304530351882,0.005237022231266264,0.01606684447200002,-0.02019102877055523,-0.06694901963813515,21,1.3125,0.799355165154273,2.333333333333333,21.0,-4.645161290322591,-1.7231509806330507,5.666666666666671,-2.0,0.48319999999999996,0.4778327378813086,0.4386666666666665,0.4389999999999997,-1,5.0,0.45174999999999993,0.4560004842127593,0.43833333333333324,0.46800000000000014,0.4746774193548386,0.469139218555487,0.46799999999999975,0.5399999999999998,-0.06037735849056617,-0.022780242975082337,0.08000000000000007,-0.02666666666666667,-3.6183823529411754,0.019469180107846713,0.043808766369257894,0.0775250192956437,0.7733862843382973,1.4452368079192013,3.6254525093790377,-0.7133688886626314,-0.6481950957024958,-0.09537856906338463,-0.8354371835193793,0.6795215532367569
2018-01-27,@,UC-Davis,L,56.0,80.0,19.0,49.0,0.388,10.0,21.0,0.476,8.0,9.0,0.889,3.0,17.0,9.0,2.0,2.0,12.0,20.0,,30.0,56.0,0.536,10.0,18.0,0.556,10.0,15.0,0.667,10.0,36.0,13.0,5.0,4.0,9.0,14.0,2.0,-24.0,0,19,68.0,0,1,0,-1,66.65517241379311,67.0,66.17263187365563,66.800678094186,59.0,66.0,53.0,71.0,76.37931034482759,76.05555555555556,77.31141635691937,77.05360921950417,77.66666666666667,79.66666666666667,75.0,87.0,8.689655172413794,0.07453533938864876,8.488774287195364,0.06018633922490335,8.0,-0.010494059073585527,3.0,0.10901084916371706,7.551724137931035,-0.03741041031426112,7.910237967521615,-0.04393413764214382,9.666666666666666,-0.11268754202020656,10.0,-0.14111056900044028,0.39224137931034486,0.40199999999999997,0.38157204821981133,0.39728794683365504,0.34533333333333327,0.40533333333333327,0.27500000000000013,0.42600000000000005,0.46775862068965524,0.46950000000000003,0.4678424402482705,0.472429355795185,0.4669999999999999,0.48633333333333334,0.475,0.4219999999999998,71.51724137931035,71.52777777777777,71.74202411528749,71.92714365684506,68.33333333333333,72.83333333333333,64.0,79.0,-0.10344827586206896,0.5277777777777778,-0.06582391408417267,0.3350403893258437,-0.6666666666666666,2.111111111111111,0.0,19.0,-9.055555555555557,-10.25293112531817,-13.666666666666671,-16.0,-0.12660194174757286,-0.14254606264129652,-0.18764302059496576,-0.20253164556962025,-9.724137931034477,-0.13596914175506258,-11.138784483263734,-0.1552616422609433,-18.66666666666667,-0.27317073170731715,-22.0,-0.34375,Big West,-8.916666666666666,1.1666666666666667,24.0,68.0,69.44444444444444,69.85368433757871,73.0,63.0,68.58333333333333,69.19727164112446,71.16666666666667,59.5,1.7222222222222143,1.3128253929085218,3.6666666666666714,7.0,0.025111381125961816,0.01897221323576434,0.05152224824355978,0.11764705882352941,1,0,0,2018-01-27,,Cal Poly,1,56.0,80.0,10.0,10.0,W,-0.08552436210388858,-0.09570605415704023,-0.12174354018608036,-0.26590531448484095,-0.0255834269111076,-0.02574137721762554,-0.05390897748850393,0.007904209324682887,19,1.4660493827160495,0.6901728386352288,2.111111111111111,19.0,2.774193548387103,2.6408790013577743,-3.0,-10.0,0.4305555555555556,0.432477057246468,0.4273333333333332,0.3960000000000001,1,2.0,0.46427777777777784,0.46248722440740503,0.48166666666666663,0.4809999999999999,0.4332903225806451,0.4347717192167423,0.4303333333333332,0.4469999999999999,0.03963133640553004,0.03760000936327359,-0.04851752021563342,-0.15625,1.4722222222222214,-0.04366771584985978,0.05656413597123107,-0.4407231996112297,0.5798796419152458,-1.0285106892305036,0.9713465556344829,-0.5212582195068806,-0.6481950957024958,-0.3481442758000072,-0.8354371835193793,0.20891563240076316
2018-01-31,,UC-Riverside,W,71.0,68.0,20.0,52.0,0.385,11.0,21.0,0.524,20.0,27.0,0.741,7.0,30.0,10.0,5.0,4.0,5.0,15.0,,26.0,54.0,0.481,9.0,23.0,0.391,7.0,11.0,0.636,7.0,33.0,17.0,1.0,1.0,8.0,21.0,4.0,3.0,1,20,69.5,1,0,0,1,66.65517241379311,66.42105263157895,66.17263187365563,65.81487267999874,59.0,60.333333333333336,53.0,56.0,76.37931034482759,76.26315789473684,77.31141635691937,77.3225338146449,77.66666666666667,79.66666666666667,75.0,80.0,8.689655172413794,0.08108736531291016,8.488774287195364,0.07276773376647394,8.0,0.06769110750937107,3.0,0.22218992361039713,7.551724137931035,-0.03195086313908524,7.910237967521615,-0.03397996944220327,9.666666666666666,-0.04992603574405596,10.0,0.061475637896111435,0.39224137931034486,0.4012631578947368,0.38157204821981133,0.39644021225667236,0.34533333333333327,0.3903333333333332,0.27500000000000013,0.38800000000000007,0.46775862068965524,0.47300000000000003,0.4678424402482705,0.47823161049567586,0.4669999999999999,0.49300000000000005,0.475,0.5359999999999998,71.51724137931035,71.34210526315789,71.74202411528749,71.56870324732179,68.33333333333333,70.0,64.0,68.0,-0.10344827586206896,0.8864265927977838,-0.06582391408417267,0.8984072853598128,-0.6666666666666666,2.2222222222222223,0.0,20.0,-9.84210526315789,-11.507661134646156,-19.333333333333336,-24.0,-0.13795647362596822,-0.16079180720766784,-0.2761904761904762,-0.35294117647058826,-9.724137931034477,-0.13596914175506258,-11.138784483263734,-0.1552616422609433,-18.66666666666667,-0.27317073170731715,-22.0,-0.34375,Big West,-8.916666666666666,-8.5,-3.0,69.5,63.526315789473685,62.88690286892662,55.333333333333336,69.0,68.39473684210526,68.16048234218898,64.5,72.5,-9.73684210526315,-10.547158946524725,-18.333333333333336,-7.0,-0.14236244709503645,-0.15474008669091235,-0.28423772609819126,-0.09655172413793103,0,1,0,2018-01-31,@,Cal Poly,0,71.0,68.0,9.0,11.0,L,-0.06000323534332519,-0.04235639318866541,0.011776842715388536,0.1212582465917636,0.001130810309904584,0.0008185677092419907,-0.014881828167236988,0.04173879579084827,20,0.4986149584487534,0.06709091795520399,2.2222222222222223,20.0,-6.9655172413793025,-5.635008330176362,-4.333333333333329,-4.0,0.4308421052631579,0.4375239289199992,0.4493333333333333,0.44100000000000006,-1,4.0,0.396842105263158,0.3890720751007944,0.3359999999999997,0.44099999999999984,0.4263103448275861,0.4294014730688605,0.4283333333333333,0.449,-0.10311383358856548,-0.08406674241428962,-0.06388206388206381,-0.058823529411764705,1.473684210526315,0.009575720792652538,0.04378533042420606,-0.21985842267738806,0.5769858022954016,-0.20174294171042217,0.28188123745904115,-0.6697116532009868,-0.6481950957024958,-0.18381070610594874,-0.8354371835193793,-0.579473141629558
2018-02-03,,Hawaii,W,78.0,64.0,25.0,52.0,0.481,11.0,16.0,0.688,17.0,18.0,0.944,7.0,37.0,17.0,2.0,5.0,18.0,15.0,,24.0,61.0,0.393,10.0,25.0,0.4,6.0,7.0,0.857,6.0,24.0,15.0,9.0,3.0,8.0,18.0,3.0,14.0,1,21,71.0,1,0,0,1,66.65517241379311,66.65,66.17263187365563,66.27676714376133,59.0,66.0,53.0,71.0,76.37931034482759,75.85,77.31141635691937,76.49207652951445,77.66666666666667,78.33333333333333,75.0,68.0,8.689655172413794,0.08482522529296055,8.488774287195364,0.08025858914852535,8.0,0.15617260759308116,3.0,0.15126437029047762,7.551724137931035,-0.026774197304943237,7.910237967521615,-0.024673884861788342,9.666666666666666,-0.007141383380484312,10.0,0.08353446142552318,0.39224137931034486,0.40045000000000003,0.38157204821981133,0.3954211108191353,0.34533333333333327,0.39966666666666656,0.27500000000000013,0.3850000000000001,0.46775862068965524,0.4734,0.4678424402482705,0.47847822040642063,0.4669999999999999,0.4796666666666667,0.475,0.48099999999999987,71.51724137931035,71.25,71.74202411528749,71.38442183663786,68.33333333333333,72.16666666666667,64.0,69.5,-0.10344827586206896,0.4725,-0.06582391408417267,0.22706383726684756,-0.6666666666666666,2.333333333333333,0.0,21.0,-9.199999999999989,-10.215309385753116,-12.333333333333329,3.0,-0.1291228070175437,-0.14310278241281682,-0.17090069284064657,0.04316546762589928,-9.724137931034477,-0.13596914175506258,-11.138784483263734,-0.1552616422609433,-18.66666666666667,-0.27317073170731715,-22.0,-0.34375,Big West,-8.916666666666666,0.09090909090909091,-14.0,71.0,71.05555555555556,71.48331398827763,75.0,82.0,70.36111111111111,70.56876790223872,75.0,83.0,1.3888888888888857,1.8290921720778641,0.0,-2.0,0.019739439399920997,0.025919287334189637,0.0,-0.024096385542168676,0,1,0,2018-02-03,@,Cal Poly,0,78.0,64.0,10.0,11.0,L,-0.04378237617738345,-0.028984626965602223,-0.02019102877055523,-0.02084143527462029,-0.04079708937661586,-0.05037356483431282,-0.08685769543722191,-0.09923864781817429,19,5.864197530864198,4.316953187845428,2.111111111111111,19.0,0.1785714285714306,-0.14340847880325214,-1.3333333333333286,-1.0,0.4395,0.4497904590096251,0.5150000000000001,0.4999999999999999,-1,2.0,0.4531666666666668,0.45872839973816426,0.45566666666666694,0.49200000000000005,0.4441071428571429,0.4489666868193711,0.45933333333333337,0.44200000000000006,0.0025873221216041694,-0.002106214876127778,-0.02040816326530605,-0.014814814814814815,0.44444444444444287,-0.05882705413046354,0.03423796107031654,-0.7279818865345181,0.4649321068371404,-0.33385649932179046,0.6669524301831367,-0.6100172387782288,-0.6481950957024958,-0.5228960328696164,-0.8354371835193793,-0.6599224463934616
2018-02-08,@,Cal State Fullerton,L,59.0,75.0,22.0,56.0,0.393,5.0,17.0,0.294,10.0,12.0,0.833,6.0,22.0,10.0,4.0,4.0,16.0,13.0,,27.0,53.0,0.509,5.0,13.0,0.385,16.0,19.0,0.842,5.0,28.0,16.0,14.0,5.0,12.0,13.0,5.0,-16.0,0,22,67.0,0,1,0,-1,66.65517241379311,67.19047619047619,66.17263187365563,67.298186177932,59.0,68.33333333333333,53.0,78.0,76.37931034482759,75.28571428571429,77.31141635691937,75.40366986728796,77.66666666666667,70.66666666666667,75.0,64.0,8.689655172413794,0.08619215100738004,8.488774287195364,0.08321677910504599,8.0,0.15476832082294073,3.0,0.10955256097303451,7.551724137931035,-0.019406715045065026,7.910237967521615,-0.011370135411831572,9.666666666666666,0.09685299638667744,10.0,0.15522563789611143,0.39224137931034486,0.4042857142857143,0.38157204821981133,0.4028774078495231,0.34533333333333327,0.4179999999999999,0.27500000000000013,0.4810000000000001,0.46775862068965524,0.4695714285714286,0.4678424402482705,0.4710306944209847,0.4669999999999999,0.47000000000000003,0.475,0.3929999999999999,71.51724137931035,71.23809523809524,71.74202411528749,71.35092802260995,68.33333333333333,69.5,64.0,71.0,-0.10344827586206896,0.19954648526077096,-0.06582391408417267,0.0013370626000494042,-0.6666666666666666,2.444444444444444,0.0,22.0,-8.095238095238102,-8.105483689355964,-2.333333333333343,14.0,-0.11363636363636373,-0.11360025600210089,-0.03357314148681069,0.19718309859154928,-9.724137931034477,-0.13596914175506258,-11.138784483263734,-0.1552616422609433,-18.66666666666667,-0.27317073170731715,-22.0,-0.34375,Big West,-8.916666666666666,-4.3,16.0,67.0,71.89473684210526,72.19445543423383,64.0,58.0,73.26315789473684,73.19820680013008,65.16666666666667,60.5,-2.7368421052631646,-2.0075027317925134,-2.3333333333333286,-5.0,-0.03735632183908055,-0.0274255725590937,-0.035805626598465395,-0.08264462809917356,1,0,0,2018-02-08,,Cal Poly,1,59.0,75.0,5.0,5.0,W,-0.08072787601311257,-0.07219318903810998,-0.047899362103888565,-0.054903672448716134,-0.00675426337328211,-0.012057614022143615,-0.11754446260640111,-0.17066721924674572,20,0.8864265927977838,0.6700452290295509,2.2222222222222223,20.0,0.09999999999999432,1.4219615513960662,-2.3333333333333357,-26.0,0.43415789473684213,0.43185249615314597,0.3919999999999999,0.3859999999999996,1,5.0,0.4636315789473684,0.4669729676390472,0.4523333333333334,0.32799999999999996,0.4221000000000001,0.4097493028928184,0.3553333333333332,0.38999999999999974,0.0013930810308798837,0.020217735132512564,-0.039436619718309904,-0.4262295081967213,-1.0125313283207973,-0.0241280850589836,0.03958109253140716,-0.49002506973248927,0.7455443409247758,-0.40712839410779855,0.23490843214756296,-0.6276163634216221,-0.6481950957024958,-0.4894928204200428,-0.8354371835193793,0.031133880771827882
2018-02-10,@,Long Beach State,L,54.0,73.0,21.0,69.0,0.304,5.0,27.0,0.185,7.0,10.0,0.7,13.0,36.0,6.0,4.0,3.0,9.0,17.0,,24.0,59.0,0.407,4.0,19.0,0.211,21.0,25.0,0.84,12.0,43.0,12.0,5.0,3.0,8.0,13.0,2.0,-19.0,0,23,63.5,0,1,0,-1,66.65517241379311,66.81818181818181,66.17263187365563,66.58968059308336,59.0,69.33333333333333,53.0,59.0,76.37931034482759,75.27272727272727,77.31141635691937,75.36920422030487,77.66666666666667,69.0,75.0,75.0,8.689655172413794,0.08035318891651966,8.488774287195364,0.07243645567861812,8.0,0.07589871481918836,3.0,-0.059287073968295356,7.551724137931035,-0.02366928964012044,7.910237967521615,-0.02004941697802054,9.666666666666666,0.034301724852633164,10.0,-0.11352436210388855,0.39224137931034486,0.40377272727272734,0.38157204821981133,0.402034067091054,0.34533333333333327,0.41966666666666663,0.27500000000000013,0.3930000000000001,0.46775862068965524,0.47136363636363643,0.4678424402482705,0.4742725432393564,0.4669999999999999,0.461,0.475,0.5089999999999999,71.51724137931035,71.04545454545455,71.74202411528749,70.97944240669409,68.33333333333333,69.16666666666667,64.0,67.0,-0.10344827586206896,0.42768595041322305,-0.06582391408417267,0.19684068016294198,-0.6666666666666666,2.5555555555555554,0.0,23.0,-8.454545454545453,-8.779523627221508,0.3333333333333286,-16.0,-0.11900191938579653,-0.12369107631075879,0.004819277108433666,-0.23880597014925373,-9.724137931034477,-0.13596914175506258,-11.138784483263734,-0.1552616422609433,-18.66666666666667,-0.27317073170731715,-22.0,-0.34375,Big West,-8.916666666666666,-12.285714285714286,19.0,63.5,75.625,77.24817236185176,80.66666666666667,104.0,78.72916666666667,79.02597327954821,81.33333333333333,104.5,-6.208333333333329,-3.5556018353928778,-1.3333333333333286,-1.0,-0.07885684043397717,-0.04499282562221934,-0.01639344262295076,-0.009569377990430622,1,0,0,2018-02-10,,Cal Poly,1,54.0,73.0,4.0,5.0,W,-0.07054915549231833,-0.08168816977646101,-0.09038386623611999,-0.08275513133465778,-0.008025380433827445,-0.012790032800592155,-0.1305975328355959,-0.14209579067531714,25,1.0850694444444446,0.36068741633515483,2.7777777777777777,25.0,-4.645161290322591,-1.7231509806330507,5.666666666666671,-2.0,0.47974999999999995,0.474326558327294,0.4746666666666664,0.5359999999999997,1,7.0,0.45174999999999993,0.4548025023507067,0.4616666666666666,0.44900000000000023,0.4746774193548386,0.469139218555487,0.46799999999999975,0.5399999999999998,-0.06037735849056617,-0.022780242975082337,0.08000000000000007,-0.02666666666666667,-3.8418560606060623,-0.025394190479837653,0.04086377852345004,-0.6461392724535012,0.5252417811656928,0.3339540712910291,3.186654722089505,-0.5869057337448323,-0.6481950957024958,-0.462697692219132,-0.8354371835193793,0.36314160990501937
2018-02-15,,UC-Davis,L (3 OT),84.0,92.0,26.0,75.0,0.347,12.0,32.0,0.375,20.0,22.0,0.909,15.0,47.0,15.0,6.0,11.0,19.0,26.0,,29.0,70.0,0.414,13.0,26.0,0.5,21.0,27.0,0.778,9.0,38.0,21.0,8.0,4.0,13.0,20.0,5.0,-8.0,0,24,88.0,1,0,0,1,66.65517241379311,66.26086956521739,66.17263187365563,65.53451045054426,59.0,63.666666666666664,53.0,54.0,76.37931034482759,75.17391304347827,77.31141635691937,75.17063575493675,77.66666666666667,70.66666666666667,75.0,73.0,8.689655172413794,0.07623941742367041,8.488774287195364,0.06496525050266178,8.0,0.016318569833284224,3.0,-0.035746584326110775,7.551724137931035,-0.028966814388446116,7.910237967521615,-0.030556439757291998,9.666666666666666,-0.04465643757558668,10.0,-0.14914080046005296,0.39224137931034486,0.3994347826086957,0.38157204821981133,0.3938176060155454,0.34533333333333327,0.39266666666666666,0.27500000000000013,0.30400000000000005,0.46775862068965524,0.4685652173913044,0.4678424402482705,0.4686342763656251,0.4669999999999999,0.4363333333333334,0.475,0.4069999999999999,71.51724137931035,70.71739130434783,71.74202411528749,70.35257310274048,68.33333333333333,67.16666666666667,64.0,63.5,-0.10344827586206896,0.7258979206049149,-0.06582391408417267,0.681978422108948,-0.6666666666666666,2.6666666666666665,0.0,24.0,-8.913043478260875,-9.636125304392493,-7.000000000000007,-19.0,-0.1260375038426069,-0.13696905286349978,-0.10421836228287851,-0.2992125984251969,-9.724137931034477,-0.13596914175506258,-11.138784483263734,-0.1552616422609433,-18.66666666666667,-0.27317073170731715,-22.0,-0.34375,Big West,-8.916666666666666,1.1666666666666667,8.0,88.0,71.52173913043478,73.06022005521949,84.0,66.0,70.3913043478261,72.04193823721215,85.66666666666667,67.0,2.2608695652173907,2.036563636014691,-3.3333333333333286,-2.0,0.03211859172328597,0.02826913997384284,-0.03891050583657582,-0.029850746268656716,0,1,0,2018-02-15,@,Cal Poly,1,84.0,92.0,13.0,12.0,W (3 OT),-0.08373712806133538,-0.09045223968245533,-0.09923864781817429,-0.22261527119479765,-0.01785581219805049,-0.014124794676610708,-0.01581443843976643,-0.004700832692123846,24,0.7258979206049149,0.04079896615603196,2.6666666666666665,24.0,2.774193548387103,2.6408790013577743,-3.0,-10.0,0.4408260869565217,0.45078754811034616,0.5219999999999999,0.5609999999999999,-1,5.0,0.46630434782608693,0.4655973314763862,0.47500000000000003,0.4069999999999998,0.4332903225806451,0.4347717192167423,0.4303333333333332,0.4469999999999999,0.03963133640553004,0.03760000936327359,-0.04851752021563342,-0.15625,0.1630434782608674,-0.03689602579690443,0.04925035884107084,-0.7528570924979254,0.4957106178845289,-1.5921217223580182,0.593081084910794,-0.6609164784572645,-0.6481950957024958,-0.6445439356149345,-0.8354371835193793,-0.01571184284176932
2018-02-17,,UC-Irvine,L,58.0,75.0,19.0,54.0,0.352,5.0,22.0,0.227,15.0,20.0,0.75,5.0,19.0,6.0,2.0,2.0,6.0,18.0,,29.0,56.0,0.518,6.0,19.0,0.316,11.0,11.0,1.0,12.0,42.0,14.0,3.0,3.0,11.0,21.0,2.0,-17.0,0,25,66.5,1,0,0,1,66.65517241379311,67.0,66.17263187365563,67.05605778270862,59.0,65.66666666666667,53.0,84.0,76.37931034482759,75.875,77.31141635691937,76.55736716005421,77.66666666666667,80.0,75.0,92.0,8.689655172413794,0.07826668267223086,8.488774287195364,0.0701347200018288,8.0,0.021501018606771283,3.0,0.11504706646753998,7.551724137931035,-0.021926339039638143,7.910237967521615,-0.01659997169730043,9.666666666666666,-0.03852436210388854,10.0,0.1103886813743723,0.39224137931034486,0.39725000000000005,0.38157204821981133,0.3899598581155784,0.34533333333333327,0.34800000000000003,0.27500000000000013,0.34700000000000003,0.46775862068965524,0.4662916666666667,0.4678424402482705,0.4641324386414637,0.4669999999999999,0.44333333333333336,0.475,0.414,71.51724137931035,71.4375,71.74202411528749,71.80671247138139,68.33333333333333,72.83333333333333,64.0,88.0,-0.10344827586206896,0.390625,-0.06582391408417267,0.13061065229371122,-0.6666666666666666,2.7777777777777777,0.0,25.0,-8.875,-9.501309377345592,-14.333333333333329,-8.0,-0.1242344706911636,-0.13231784397778057,-0.19679633867276883,-0.09090909090909091,-9.724137931034477,-0.13596914175506258,-11.138784483263734,-0.1552616422609433,-18.66666666666667,-0.27317073170731715,-22.0,-0.34375,Big West,-8.916666666666666,-8.285714285714286,17.0,66.5,67.65384615384616,67.8463941836565,66.66666666666667,61.0,68.11538461538461,66.57323632861949,61.666666666666664,61.5,-0.9230769230769198,2.546315710074026,10.000000000000007,-1.0,-0.013551665725578721,0.038248338979719666,0.16216216216216228,-0.016260162601626018,0,1,0,2018-02-17,@,Cal Poly,1,58.0,75.0,6.0,5.0,W,-0.037231013610426356,-0.056404878106692535,-0.10352436210388857,-0.1659833784973312,-0.03758493417343428,-0.05966075502162049,-0.10175965622153563,-0.11997597500711438,27,1.9571005917159763,0.598970583709418,3.0,27.0,0.12121212121211045,2.6405802685818145,-3.999999999999993,-16.0,0.39861538461538465,0.3873066287784763,0.33733333333333326,0.35200000000000004,-1,2.0,0.4276153846153846,0.4319415970840852,0.4293333333333334,0.4229999999999998,0.3948787878787879,0.38584706154548293,0.3966666666666667,0.421,0.0017897091722593487,0.03974568290136354,-0.063157894736842,-0.25396825396825395,1.6610576923076934,-0.05423696263812038,0.02857166126096959,-0.6102267056614901,0.5004431438127069,0.4740804503931594,4.3500083801636595,-0.7326256016548625,-0.6481950957024958,-0.502096540448183,-0.8354371835193793,-0.4843683509797971
2018-02-22,,Cal State Northridge,W (2 OT),90.0,86.0,29.0,64.0,0.453,13.0,30.0,0.433,19.0,24.0,0.792,14.0,41.0,14.0,5.0,6.0,15.0,16.0,,35.0,77.0,0.455,7.0,21.0,0.333,9.0,12.0,0.75,13.0,38.0,13.0,8.0,2.0,10.0,19.0,5.0,4.0,1,26,88.0,1,0,0,1,66.65517241379311,66.64,66.17263187365563,66.32140127595892,59.0,65.33333333333333,53.0,58.0,76.37931034482759,75.84,77.31141635691937,76.43102853181394,77.66666666666667,80.0,75.0,75.0,8.689655172413794,0.07363049984088932,8.488774287195364,0.061263919221477725,8.0,0.023210331773662496,3.0,-0.054903672448716134,7.551724137931035,-0.02396740007857212,7.910237967521615,-0.021131399787792216,9.666666666666666,-0.026024362103888588,10.0,-0.07352436210388857,0.39224137931034486,0.39544,0.38157204821981133,0.38688043245056636,0.34533333333333327,0.3343333333333333,0.27500000000000013,0.3520000000000001,0.46775862068965524,0.46836000000000005,0.4678424402482705,0.4685023483090399,0.4669999999999999,0.4463333333333333,0.475,0.518,71.51724137931035,71.24,71.74202411528749,71.37621490388639,68.33333333333333,72.66666666666667,64.0,66.5,-0.10344827586206896,0.16640000000000002,-0.06582391408417267,0.005623403830141554,-0.6666666666666666,2.888888888888889,0.0,26.0,-9.200000000000003,-10.109627255855017,-14.666666666666671,-17.0,-0.12914093206064015,-0.14163860145103538,-0.20183486238532114,-0.2556390977443609,-9.724137931034477,-0.13596914175506258,-11.138784483263734,-0.1552616422609433,-18.66666666666667,-0.27317073170731715,-22.0,-0.34375,Big West,-8.916666666666666,-11.583333333333334,-4.0,88.0,63.16,62.94729982825475,69.66666666666667,70.0,67.96,67.41845430865003,72.83333333333333,79.0,-9.600000000000009,-8.94230896079052,-6.333333333333329,-18.0,-0.1412595644496764,-0.13263889023399325,-0.08695652173913038,-0.22784810126582278,0,1,0,2018-02-22,@,Cal Poly,0,90.0,86.0,7.0,13.0,L (2 OT),-0.049433165143787205,-0.044163397640355984,-0.026443022390969906,0.029332780753254295,-0.057889397837808276,-0.06810772758520897,-0.03720857263020433,-0.07488799846752492,26,1.0400000000000003,0.7143763687640695,2.888888888888889,26.0,-9.964285714285708,-9.965274962208142,-13.0,-26.0,0.46188,0.4587415641331772,0.47366666666666674,0.5,-1,5.0,0.42516,0.4325038053877074,0.5323333333333334,0.5289999999999999,0.46985714285714286,0.4766717774594964,0.5363333333333334,0.571,-0.14282057844893772,-0.13974408868761304,-0.1532416502946955,-0.29213483146067415,1.6400000000000006,-0.06528725218820225,0.034420697932367295,-0.517759678646637,0.4111826753493422,-1.9742178584700338,-2.1022356340653445,-0.6928094333311096,-0.6481950957024958,-0.47716419398177123,-0.8354371835193793,-0.972255024152725
2018-03-01,@,UC-Riverside,L,63.0,72.0,21.0,57.0,0.368,9.0,32.0,0.281,12.0,16.0,0.75,10.0,37.0,13.0,2.0,7.0,13.0,22.0,,24.0,65.0,0.369,8.0,25.0,0.32,16.0,21.0,0.762,12.0,38.0,16.0,6.0,1.0,5.0,18.0,7.0,-9.0,0,27,67.5,0,1,0,-1,66.65517241379311,67.53846153846153,66.17263187365563,68.21491166860626,59.0,77.33333333333333,53.0,90.0,76.37931034482759,76.23076923076923,77.31141635691937,77.19623204461978,77.66666666666667,84.33333333333333,75.0,86.0,8.689655172413794,0.07599727798722766,8.488774287195364,0.06744074113074167,8.0,0.07440667237887005,3.0,0.11980897122944478,7.551724137931035,-0.02593606745202176,7.910237967521615,-0.025426006422678338,9.666666666666666,-0.005223966846971573,10.0,-0.06933831559226067,0.39224137931034486,0.3976538461538462,0.38157204821981133,0.3921678267668983,0.34533333333333327,0.38399999999999995,0.27500000000000013,0.4530000000000002,0.46775862068965524,0.4678461538461539,0.4678424402482705,0.46742260380446526,0.4669999999999999,0.4623333333333333,0.475,0.45500000000000007,71.51724137931035,71.88461538461539,71.74202411528749,72.70557185661299,68.33333333333333,80.83333333333333,64.0,88.0,-0.10344827586206896,0.03994082840236687,-0.06582391408417267,0.23602934124118105,-0.6666666666666666,27.0,0.0,27.0,-8.692307692307693,-8.981320376013514,-7.0,4.0,-0.12092027822364902,-0.12353001491723514,-0.08659793814432991,0.045454545454545456,-9.724137931034477,-0.13596914175506258,-11.138784483263734,-0.1552616422609433,-18.66666666666667,-0.27317073170731715,-22.0,-0.34375,Big West,-8.916666666666666,-8.5,9.0,67.5,63.88461538461539,63.848180968981836,67.0,63.0,67.51923076923077,66.80550168594223,67.33333333333333,63.5,-7.269230769230774,-5.914641433920764,-0.6666666666666714,-1.0,-0.10766163486186278,-0.08853524462290464,-0.009900990099009972,-0.015748031496062992,1,0,0,2018-03-01,,Cal Poly,1,63.0,72.0,8.0,9.0,W,-0.03718480761863874,-0.014135835626084003,-9.152628299302634e-05,0.01980897122944475,0.005935097355570851,0.00884871031724005,0.05593376597492916,0.10835063789611143,27,0.6390532544378699,0.17631524023772557,3.0,27.0,-6.9655172413793025,-5.635008330176362,-4.333333333333329,-4.0,0.42607692307692296,0.4291913535920402,0.46666666666666656,0.47800000000000004,1,5.0,0.3991538461538463,0.3959863361147544,0.40099999999999963,0.4259999999999996,0.4263103448275861,0.4294014730688605,0.4283333333333333,0.449,-0.10311383358856548,-0.08406674241428962,-0.06388206388206381,-0.058823529411764705,2.1826923076923066,0.021237967031064387,0.031055235928703986,-0.7216896940371751,0.4802318849732619,-0.39496571804264025,0.43973639706398515,-0.6324851528446289,-0.6481950957024958,-0.8420534832242303,-0.8354371835193793,-0.6960215206868177
2018-03-03,@,UCSB,L,61.0,86.0,22.0,56.0,0.393,12.0,30.0,0.4,5.0,7.0,0.714,4.0,27.0,15.0,4.0,2.0,12.0,15.0,,34.0,61.0,0.557,11.0,30.0,0.367,7.0,11.0,0.636,3.0,30.0,27.0,7.0,2.0,5.0,12.0,2.0,-25.0,0,28,73.5,0,1,0,-1,66.65517241379311,67.37037037037037,66.17263187365563,67.8033637627288,59.0,70.33333333333333,53.0,63.0,76.37931034482759,76.07407407407408,77.31141635691937,76.78615828837756,77.66666666666667,77.66666666666667,75.0,72.0,8.689655172413794,0.0773497445481181,8.488774287195364,0.07093156075840273,8.0,0.07036189382028207,3.0,0.11504706646753998,7.551724137931035,-0.024332541266498142,7.910237967521615,-0.022078685314113333,9.666666666666666,-0.043138096009468,10.0,0.01980897122944475,0.39224137931034486,0.3965555555555556,0.38157204821981133,0.39026056176845114,0.34533333333333327,0.391,0.27500000000000013,0.36800000000000016,0.46775862068965524,0.46418518518518526,0.4678424402482705,0.4596553358120697,0.4669999999999999,0.44733333333333336,0.475,0.36900000000000005,71.51724137931035,71.72222222222223,71.74202411528749,72.29476102555316,68.33333333333333,74.0,64.0,67.5,-0.10344827586206896,0.15363511659807955,-0.06582391408417267,0.0014521686111233375,-0.6666666666666666,3.1111111111111107,0.0,28.0,-8.70370370370371,-8.982794525648771,-7.333333333333343,-9.0,-0.12135295636457534,-0.12425235796095557,-0.09909909909909922,-0.13333333333333333,-9.724137931034477,-0.13596914175506258,-11.138784483263734,-0.1552616422609433,-18.66666666666667,-0.27317073170731715,-22.0,-0.34375,Big West,-8.916666666666666,4.583333333333333,25.0,73.5,75.48148148148148,74.20002030904146,66.66666666666667,69.0,73.25925925925925,72.3480256470895,68.66666666666667,69.5,4.444444444444443,3.70398932390394,-4.0,-1.0,0.06066734074823052,0.051196826599966085,-0.058252427184466014,-0.014388489208633094,1,0,0,2018-03-03,,Cal Poly,1,61.0,86.0,11.0,12.0,W,0.0029623896134813865,0.00512635795735944,0.07647563789611139,0.16473650746132884,-0.010083277640906274,-0.010170644597485734,0.011947336009318965,-0.09923864781817429,28,0.6145404663923182,0.44891381394901875,3.1111111111111107,28.0,5.466666666666669,5.871157477866305,14.666666666666664,-3.0,0.4477407407407407,0.4543514435584228,0.47766666666666646,0.5560000000000003,1,2.0,0.4626666666666668,0.459092111762008,0.44900000000000007,0.4460000000000004,0.4387,0.43407203360982516,0.35733333333333306,0.40400000000000025,0.07540229885057474,0.08282992783963887,0.22335025380710655,-0.05042016806722689,-0.7685185185185119,-0.02792738709102324,-0.008490139428624323,-0.8923878500762286,0.543456942163837,-2.3961879550113387,-1.7444142815944812,-0.6217809649586103,-0.6481950957024958,-1.0688484372299738,-0.8354371835193793,-0.22761345773559982
2018-03-08,N,UCSB,L,53.0,75.0,14.0,51.0,0.275,3.0,16.0,0.188,22.0,24.0,0.917,6.0,23.0,11.0,4.0,1.0,7.0,15.0,,29.0,61.0,0.475,10.0,22.0,0.455,7.0,11.0,0.636,12.0,41.0,17.0,2.0,5.0,14.0,20.0,5.0,-22.0,0,29,64.0,0,0,1,0,66.65517241379311,67.14285714285714,66.17263187365563,67.27295708928455,59.0,71.33333333333333,53.0,61.0,76.37931034482759,76.42857142857143,77.31141635691937,77.50449164557311,77.66666666666667,81.33333333333333,75.0,86.0,8.689655172413794,0.08381606342802633,8.488774287195364,0.08547361667138931,8.0,0.16311115191480308,3.0,0.27663957232234093,7.551724137931035,-0.02053370789828113,7.910237967521615,-0.014096126757299599,9.666666666666666,0.00614776904365244,10.0,0.07019656812866959,0.39224137931034486,0.39642857142857146,0.38157204821981133,0.39047413499048905,0.34533333333333327,0.4046666666666667,0.27500000000000013,0.3930000000000001,0.46775862068965524,0.4675000000000001,0.4678424402482705,0.46724456098217265,0.4669999999999999,0.4603333333333333,0.475,0.5570000000000002,71.51724137931035,71.78571428571429,71.74202411528749,72.38872436742881,68.33333333333333,76.33333333333333,64.0,73.5,-0.10344827586206896,0.3329081632653061,-0.06582391408417267,0.1475190864742978,-0.6666666666666666,3.222222222222222,0.0,29.0,-9.285714285714292,-10.231534556288565,-10.0,-25.0,-0.12935323383084585,-0.14134155071383228,-0.13100436681222707,-0.3401360544217687,-9.724137931034477,-0.13596914175506258,-11.138784483263734,-0.1552616422609433,-18.66666666666667,-0.27317073170731715,-22.0,-0.34375,Big West,-8.916666666666666,4.583333333333333,22.0,64.0,75.85714285714286,75.10045462453861,79.0,86.0,73.26785714285714,72.43593064905556,73.5,73.5,5.178571428571431,5.329047950966114,11.0,25.0,0.07067999025103586,0.07356912382039776,0.14965986394557823,0.3401360544217687,0,0,1,2018-03-08,N,Cal Poly,1,53.0,75.0,10.0,3.0,W,0.005684677444134034,0.010812384365837313,0.10419715688345321,0.07019656812866959,-0.00124543335199373,0.008963883314527576,0.068828579072582,0.27663957232234093,29,0.3329081632653061,0.04791974378057833,3.222222222222222,29.0,5.466666666666669,5.871157477866305,14.666666666666664,-3.0,0.4457857142857143,0.4496698299851707,0.4723333333333331,0.39300000000000024,0,5.0,0.4660357142857144,0.46656327905519396,0.5293333333333334,0.5570000000000006,0.4387,0.43407203360982516,0.35733333333333306,0.40400000000000025,0.07540229885057474,0.08282992783963887,0.22335025380710655,-0.05042016806722689,-0.7410714285714235,-0.010217011345108995,-0.010804050450354052,-0.6481950957024958,0.5099399740893702,-2.653593147581755,-1.7586078612479479,-0.7142258269841731,-0.6481950957024958,-0.8354371835193793,-0.8354371835193793,-0.17375949515214725
