Date,Loc,Opp_name,W,Score,Opp_score,FG,FGA,FG_Pct,Threes,ThreesA,Threes_Pct,FT,FTA,FT_Pct,ORB,TRB,AST,STL,BLK,TOV,PF,22,Opp_FG,Opp_FGA,Opp_FG_Pct,Opp_Threes,Opp_ThreesA,Opp_Threes_Pct,Opp_FT,Opp_FTA,Opp_FT_Pct,Opp_ORB,Opp_TRB,Opp_AST,Opp_STL,Opp_BLK,Opp_TOV,Opp_PF,Rest_Days,result,Win,Game_Number,Mean_Score,Home,Away,Comb_Loc,SMA_Score_Fin,SMA_Score,EMA_Score_Fin,EMA_Score,Last3Avg_Score_Fin,Last3Avg_Score,Prev_Score_Fin,Prev_Score,SMA_Opp_score_Fin,SMA_Opp_score,EMA_Opp_score_Fin,EMA_Opp_score,Last3Avg_Opp_score_Fin,Last3Avg_Opp_score,Prev_Opp_score_Fin,Prev_Opp_score,SMA_Threes_Fin,SMA_Threes,EMA_Threes_Fin,EMA_Threes,Last3Avg_Threes_Fin,Last3Avg_Threes,Prev_Threes_Fin,Prev_Threes,SMA_Opp_Threes_Fin,SMA_Opp_Threes,EMA_Opp_Threes_Fin,EMA_Opp_Threes,Last3Avg_Opp_Threes_Fin,Last3Avg_Opp_Threes,Prev_Opp_Threes_Fin,Prev_Opp_Threes,SMA_FG_Pct_Fin,SMA_FG_Pct,EMA_FG_Pct_Fin,EMA_FG_Pct,Last3Avg_FG_Pct_Fin,Last3Avg_FG_Pct,Prev_FG_Pct_Fin,Prev_FG_Pct,SMA_Opp_FG_Pct_Fin,SMA_Opp_FG_Pct,EMA_Opp_FG_Pct_Fin,EMA_Opp_FG_Pct,Last3Avg_Opp_FG_Pct_Fin,Last3Avg_Opp_FG_Pct,Prev_Opp_FG_Pct_Fin,Prev_Opp_FG_Pct,SMA_Mean_Score_Fin,SMA_Mean_Score,EMA_Mean_Score_Fin,EMA_Mean_Score,Last3Avg_Mean_Score_Fin,Last3Avg_Mean_Score,Prev_Mean_Score_Fin,Prev_Mean_Score,SMA_Comb_Loc_Fin,SMA_Comb_Loc,EMA_Comb_Loc_Fin,EMA_Comb_Loc,Last3Avg_Comb_Loc_Fin,Last3Avg_Comb_Loc,Prev_Comb_Loc_Fin,Prev_Comb_Loc,SMA_Result,EMA_Result,Last3Avg_Result,Prev_Result,SMA_Pct_Margin,EMA_Pct_Margin,Last3Avg_Pct_Margin,Prev_Pct_Margin,SMA_Result_Fin,SMA_Pct_Margin_Fin,EMA_Result_Fin,EMA_Pct_Margin_Fin,Last3Avg_Result_Fin,Last3Avg_Pct_Margin_Fin,Prev_Result_Fin,Prev_Pct_Margin_Fin,Conference,Avg_Result_NC,Avg_Result_NC2,result2,Mean_Score2,SMA_Score2,EMA_Score2,Last3Avg_Score2,Prev_Score2,SMA_Mean_Score2,EMA_Mean_Score2,Last3Avg_Mean_Score2,Prev_Mean_Score2,SMA_Result2,EMA_Result2,Last3Avg_Result2,Prev_Result2,SMA_Pct_Margin2,EMA_Pct_Margin2,Last3Avg_Pct_Margin2,Prev_Pct_Margin2,Home2,Away2,Neutral2,Date2,Loc2,Opp_name2,Win2,Opp_score2,Score2,Threes2,Opp_Threes2,W2,SMA_Threes2,EMA_Threes2,Last3Avg_Threes2,Prev_Threes2,SMA_Opp_Threes2,EMA_Opp_Threes2,Last3Avg_Opp_Threes2,Prev_Opp_Threes2,Game_Number2,SMA_Comb_Loc2,EMA_Comb_Loc2,Last3Avg_Comb_Loc2,Prev_Comb_Loc2,SMA_Result_Fin2,EMA_Result_Fin2,Last3Avg_Result_Fin2,Prev_Result_Fin2,SMA_Opp_FG_Pct2,EMA_Opp_FG_Pct2,Last3Avg_Opp_FG_Pct2,Prev_Opp_FG_Pct2,Comb_Loc2,Rest_Days2,SMA_FG_Pct2,EMA_FG_Pct2,Last3Avg_FG_Pct2,Prev_FG_Pct2,SMA_Opp_FG_Pct_Fin2,EMA_Opp_FG_Pct_Fin2,Last3Avg_Opp_FG_Pct_Fin2,Prev_Opp_FG_Pct_Fin2,SMA_Pct_Margin_Fin2,EMA_Pct_Margin_Fin2,Last3Avg_Pct_Margin_Fin2,Prev_Pct_Margin_Fin2,Scoring_Pace_Diff,Matchup_Comp,Opp_Matchup_Comp,SOS,SOS_NC,Opp_SOS,Opp_SOS_NC,Prev_SOS,SOS_Fin,SOS_All,SOS_All_Fin,Opp_Prev_SOS
2017-11-13,@,Oklahoma State,L,65.0,83.0,18.0,52.0,0.346,4.0,13.0,0.308,25.0,32.0,0.781,6.0,28.0,9.0,5.0,1.0,14.0,15.0,,29.0,62.0,0.468,9.0,24.0,0.375,16.0,18.0,0.889,5.0,34.0,18.0,5.0,4.0,13.0,26.0,,-18.0,0,1,74.0,0,1,-1,69.64285714285714,,71.17552418078243,,81.0,,85.0,,80.03571428571429,,82.75037774047058,,90.0,,78.0,,6.678571428571429,,6.957970323199175,,7.333333333333333,,7.0,,8.035714285714286,,8.656892194460497,,11.333333333333334,,8.0,,0.4255714285714286,,0.4265738802627455,,0.4293333333333332,,0.4439999999999999,,0.4817857142857142,,0.4892577264224318,,0.4749999999999999,,0.3999999999999997,,74.83928571428571,,76.96295096062651,,85.5,,81.5,,0.0,,0.0597194471260484,,0.3333333333333333,,1.0,,,,,,,,,,-10.392857142857153,-0.13886900501073743,-11.574853559688151,-0.1503951370784851,-9.0,-0.10526315789473684,7.0,0.08588957055214724,CUSA,,31.0,18.0,74.0,78.0,78.0,,78.0,62.5,62.5,,62.5,31.0,31.0,,31.0,0.496,0.496,,0.496,1,0,0,2017-11-13,,Charlotte,1,65.0,83.0,9.0,4.0,W,0.07109102251149607,0.07109102251149607,,0.07109102251149607,-0.1220350004017609,-0.1220350004017609,,-0.1220350004017609,2,2.0,2.0,,2.0,3.3333333333333286,1.3536453225407428,3.3333333333333286,-8.0,0.283,0.283,,0.283,1,3.0,0.475,0.475,,0.475,0.43933333333333335,0.4486564460214511,0.43166666666666664,0.5249999999999999,0.04449388209121239,0.018058740066141027,0.043478260869565154,-0.09090909090909091,,,,,,-31.0,-31.0,,0.5521431976093538,,0.39422173428296503,31.0
2017-11-18,,College of Charleston,L,72.0,81.0,27.0,62.0,0.435,5.0,12.0,0.417,13.0,19.0,0.684,10.0,33.0,10.0,6.0,3.0,17.0,19.0,,29.0,58.0,0.5,10.0,22.0,0.455,13.0,15.0,0.867,6.0,31.0,8.0,8.0,7.0,16.0,22.0,5.0,-9.0,0,2,76.5,1,0,1,69.64285714285714,65.0,71.17552418078243,65.0,81.0,,85.0,65.0,80.03571428571429,83.0,82.75037774047058,83.0,90.0,,78.0,83.0,6.678571428571429,-0.12890897748850394,6.957970323199175,-0.12890897748850394,7.333333333333333,,7.0,-0.12890897748850394,8.035714285714286,0.011776842715388536,8.656892194460497,0.011776842715388536,11.333333333333334,,8.0,0.011776842715388536,0.4255714285714286,0.346,0.4265738802627455,0.346,0.4293333333333332,,0.4439999999999999,0.346,0.4817857142857142,0.468,0.4892577264224318,0.468,0.4749999999999999,,0.3999999999999997,0.468,74.83928571428571,74.0,76.96295096062651,74.0,85.5,,81.5,74.0,0.0,2.0,0.0597194471260484,2.0,0.3333333333333333,,1.0,2.0,-18.0,-18.0,,-18.0,-0.24324324324324326,-0.24324324324324326,,-0.24324324324324326,-10.392857142857153,-0.13886900501073743,-11.574853559688151,-0.1503951370784851,-9.0,-0.10526315789473684,7.0,0.08588957055214724,CUSA,-18.0,-5.0,9.0,76.5,65.5,65.421875,,63.0,68.0,68.125,,72.0,-5.0,-5.40625,,-18.0,-0.07352941176470588,-0.07935779816513762,,-0.25,0,1,0,2017-11-18,@,Charlotte,1,72.0,81.0,10.0,5.0,W,-0.08451672851610231,-0.08424325391186563,,-0.07542912400865048,-0.0794818089123992,-0.07858061624022211,,-0.05426510284462932,3,0.0,0.002929687499999995,,3.0,5.125,5.637508927402649,4.333333333333343,-4.0,0.433,0.4345625,,0.483,-1,5.0,0.351,0.3516875,,0.37299999999999994,0.43637499999999996,0.44363542761962615,0.4579999999999997,0.35599999999999976,0.07108799306458605,0.07640841507286196,0.05977011494252887,-0.06666666666666667,3.0,0.10122212562396643,-0.031549012956879174,30.666666666666664,30.666666666666664,10.5,10.5,-21.833333333333332,0.5521431976093538,3.3333333333333286,0.39422173428296503,-5.277777777777779
2017-11-20,,Presbyterian,W,83.0,74.0,30.0,55.0,0.545,10.0,21.0,0.476,13.0,23.0,0.565,8.0,35.0,17.0,6.0,1.0,10.0,17.0,,25.0,52.0,0.481,10.0,23.0,0.435,14.0,18.0,0.778,2.0,24.0,9.0,2.0,1.0,12.0,22.0,2.0,9.0,1,3,78.5,1,0,1,69.64285714285714,68.5,71.17552418078243,68.625,81.0,,85.0,72.0,80.03571428571429,82.0,82.75037774047058,81.96428571428572,90.0,,78.0,81.0,6.678571428571429,-0.11644407013308564,6.957970323199175,-0.11602241050357628,7.333333333333333,,7.0,-0.10519102877055522,8.035714285714286,0.03403661350586751,8.656892194460497,0.03484165096800684,11.333333333333334,,8.0,0.056846008266481785,0.4255714285714286,0.39049999999999996,0.4265738802627455,0.39208928571428575,0.4293333333333332,,0.4439999999999999,0.43499999999999994,0.4817857142857142,0.484,0.4892577264224318,0.4845714285714286,0.4749999999999999,,0.3999999999999997,0.49999999999999994,74.83928571428571,75.25,76.96295096062651,75.29464285714286,85.5,,81.5,76.5,0.0,0.0,0.0597194471260484,0.003826530612244902,0.3333333333333333,,1.0,3.0,-13.5,-13.339285714285722,,-9.0,-0.17940199335548174,-0.17716115261472795,,-0.11764705882352941,-10.392857142857153,-0.13886900501073743,-11.574853559688151,-0.1503951370784851,-9.0,-0.10526315789473684,7.0,0.08588957055214724,CUSA,-13.5,-24.333333333333332,-9.0,78.5,59.666666666666664,59.77496038034866,59.666666666666664,58.0,71.83333333333333,71.7717908082409,71.83333333333333,68.0,-24.333333333333336,-23.993660855784455,-24.333333333333336,-20.0,-0.3387470997679815,-0.3343048931284223,-0.3387470997679815,-0.29411764705882354,0,1,0,2017-11-20,@,Charlotte,0,83.0,74.0,10.0,10.0,L,0.021671168622368453,0.018783819666088608,0.021671168622368453,-0.003179534517681659,-0.11114340972293618,-0.10880606023851339,-0.11114340972293618,0.03262948404995758,4,4.0,4.0,4.0,4.0,-8.793103448275858,-8.99003409025719,-16.000000000000007,-17.0,0.5459999999999999,0.5450618066561015,0.5459999999999999,0.5279999999999999,-1,2.0,0.418,0.41895404120443736,0.418,0.404,0.48541379310344834,0.4812426610950266,0.49800000000000005,0.44799999999999984,-0.1298701298701298,-0.13618450920974676,-0.24742268041237123,-0.2857142857142857,1.7083333333333357,0.11376287178428582,0.02715903515627973,15.166666666666668,15.166666666666668,15.722222222222223,15.722222222222223,-8.916666666666666,0.5521431976093538,4.229166666666664,0.39422173428296503,-9.388888888888888
2017-11-24,,High Point,W,70.0,67.0,23.0,47.0,0.489,4.0,9.0,0.444,20.0,37.0,0.541,8.0,23.0,10.0,6.0,3.0,14.0,23.0,,24.0,52.0,0.462,4.0,14.0,0.286,15.0,21.0,0.714,9.0,31.0,3.0,8.0,1.0,20.0,28.0,4.0,3.0,1,4,68.5,1,0,1,69.64285714285714,73.33333333333333,71.17552418078243,73.7628559286018,81.0,73.33333333333333,85.0,83.0,80.03571428571429,79.33333333333333,82.75037774047058,79.11772205694858,90.0,79.33333333333333,78.0,74.0,6.678571428571429,-0.05443345301297947,6.957970323199175,-0.05008839612015925,7.333333333333333,-0.05443345301297947,7.0,0.04792142102864155,8.035714285714286,0.052021856383506426,8.656892194460497,0.05390972826804158,11.333333333333334,0.052021856383506426,8.0,0.09188104330151686,0.4255714285714286,0.442,0.4265738802627455,0.4467420314492138,0.4293333333333332,0.442,0.4439999999999999,0.5449999999999999,0.4817857142857142,0.48299999999999993,0.4892577264224318,0.48329494262643435,0.4749999999999999,0.48299999999999993,0.3999999999999997,0.48099999999999987,74.83928571428571,76.33333333333333,76.96295096062651,76.44028899277518,85.5,76.33333333333333,81.5,78.5,0.0,0.4444444444444444,0.0597194471260484,0.5787116265569775,0.3333333333333333,0.4444444444444444,1.0,4.0,-6.0,-5.354866128346785,-6.0,9.0,-0.07860262008733625,-0.07005292887959784,-0.07860262008733625,0.11464968152866242,-10.392857142857153,-0.13886900501073743,-11.574853559688151,-0.1503951370784851,-9.0,-0.10526315789473684,7.0,0.08588957055214724,CUSA,-6.0,0.3333333333333333,-3.0,68.5,76.66666666666667,76.12065813528336,76.66666666666667,77.0,76.5,76.38391224862887,76.5,78.0,0.3333333333333428,-0.5265082266910355,0.3333333333333428,-2.0,0.004357298474945657,-0.006892920396342837,0.004357298474945657,-0.02564102564102564,0,1,0,2017-11-24,@,Charlotte,0,70.0,67.0,4.0,4.0,L,-0.05265479688649727,-0.05371361230802901,-0.05265479688649727,-0.11871916729869375,0.04018742828912458,0.04346175629519555,0.04018742828912458,0.06622247333914943,4,0.4444444444444444,0.44770043681841115,0.4444444444444444,4.0,-0.3703703703703667,-1.13506450396045,-4.666666666666664,-13.0,0.4243333333333333,0.425398537477148,0.4243333333333333,0.42199999999999993,-1,6.0,0.4673333333333333,0.46387751371115177,0.4673333333333333,0.4619999999999999,0.43762962962962965,0.43647451712682706,0.4063333333333336,0.415,-0.005458515283842741,-0.017045701775391938,-0.07692307692307689,-0.21138211382113822,-0.0833333333333357,-0.046771150183511044,-0.052337369837737,-0.6000000000000014,-0.6000000000000014,-5.444444444444443,-5.444444444444443,-2.21111111111111,0.5521431976093538,-0.11159003831417635,0.39422173428296503,4.846296296296298
2017-11-28,,Davidson,L,70.0,85.0,23.0,52.0,0.442,7.0,18.0,0.389,17.0,26.0,0.654,8.0,30.0,12.0,5.0,4.0,16.0,20.0,,33.0,64.0,0.516,8.0,29.0,0.276,11.0,18.0,0.611,8.0,34.0,22.0,6.0,2.0,11.0,20.0,4.0,-15.0,0,5,77.5,1,0,1,69.64285714285714,72.5,71.17552418078243,72.71904003639673,81.0,75.0,85.0,70.0,80.03571428571429,76.25,82.75037774047058,75.75626706096452,90.0,74.0,78.0,67.0,6.678571428571429,-0.07559332762112994,6.957970323199175,-0.07465691353380333,7.333333333333333,-0.06019102877055521,7.0,-0.14209579067531714,8.035714285714286,0.01106580183053768,8.656892194460497,0.007705559233742498,11.333333333333334,0.010799962220435777,8.0,-0.13441988449194828,0.4255714285714286,0.45375,0.4265738802627455,0.45846438808007284,0.4293333333333332,0.48966666666666664,0.4439999999999999,0.48899999999999977,0.4817857142857142,0.47774999999999995,0.4892577264224318,0.47738772747952685,0.4749999999999999,0.4809999999999999,0.3999999999999997,0.46199999999999986,74.83928571428571,74.375,76.96295096062651,74.23765354868061,85.5,74.5,81.5,68.5,0.0,1.25,0.0597194471260484,1.5249116188221405,0.3333333333333333,5.0,1.0,5.0,-3.75,-3.037227024567784,1.0,3.0,-0.05042016806722689,-0.04091221744469809,0.013422818791946308,0.043795620437956206,-10.392857142857153,-0.13886900501073743,-11.574853559688151,-0.1503951370784851,-9.0,-0.10526315789473684,7.0,0.08588957055214724,CUSA,-3.75,11.5,15.0,77.5,87.0,85.6054489852655,79.33333333333333,62.0,81.25,80.72938559911037,79.66666666666667,70.0,11.5,9.752126772310262,-0.6666666666666714,-16.0,0.14153846153846153,0.12080021048020623,-0.008368200836820142,-0.22857142857142856,0,1,0,2017-11-28,@,Charlotte,1,70.0,85.0,8.0,7.0,W,0.21233770686162867,0.20751727560530342,0.12765210848434677,0.12195950886385337,-0.005577342236338878,-0.006204145892743984,-0.0010243621038885653,-0.04429359287311935,5,0.0,0.01833179025334567,0.5555555555555556,5.0,8.454545454545453,8.175284672725809,2.6666666666666714,-5.0,0.48125000000000007,0.48379844314706705,0.5073333333333334,0.4910000000000001,-1,3.0,0.469,0.4655292743953295,0.4586666666666666,0.4000000000000001,0.43793939393939396,0.4343647177529498,0.4513333333333336,0.5099999999999998,0.11725152342929185,0.11392254373213506,0.038277511961722556,-0.06622516556291391,-3.4375,0.020533140503262777,0.04847356996633922,0.7416666666666654,0.7416666666666654,-3.4250000000000007,-3.4250000000000007,-4.202834467120183,0.5521431976093538,-0.17628512132822394,0.39422173428296503,3.3926190476190463
2017-12-02,@,James Madison,L,82.0,87.0,28.0,61.0,0.459,10.0,23.0,0.435,16.0,19.0,0.842,5.0,30.0,17.0,4.0,1.0,9.0,24.0,,30.0,61.0,0.492,7.0,22.0,0.318,20.0,27.0,0.741,8.0,37.0,13.0,8.0,6.0,9.0,20.0,4.0,-5.0,0,6,84.5,0,1,-1,69.64285714285714,72.0,71.17552418078243,72.09487585849436,81.0,74.33333333333333,85.0,70.0,80.03571428571429,78.0,82.75037774047058,77.87819498163168,90.0,75.33333333333333,78.0,85.0,6.678571428571429,-0.06352436210388857,6.957970323199175,-0.06103150912726063,7.333333333333333,-0.03101315134155669,7.0,-0.013524362103888576,8.035714285714286,0.001860253280726809,8.656892194460497,-0.0020348860066091157,11.333333333333334,-0.02148896387380006,8.0,-0.03117142092741798,0.4255714285714286,0.4514,0.4265738802627455,0.454684936099556,0.4293333333333332,0.49199999999999994,0.4439999999999999,0.44199999999999984,0.4817857142857142,0.48539999999999994,0.4892577264224318,0.4862512958757544,0.4749999999999999,0.4863333333333333,0.3999999999999997,0.5159999999999998,74.83928571428571,75.0,76.96295096062651,74.98653542006302,85.5,74.83333333333333,81.5,77.5,0.0,2.16,0.0597194471260484,2.5744172134801926,0.3333333333333333,6.0,1.0,6.0,-6.0,-5.783319123137318,-1.0,-15.0,-0.08,-0.07712476767649092,-0.013363028953229399,-0.1935483870967742,-10.392857142857153,-0.13886900501073743,-11.574853559688151,-0.1503951370784851,-9.0,-0.10526315789473684,7.0,0.08588957055214724,CUSA,-6.0,-6.428571428571429,5.0,84.5,74.0,74.64991545417774,81.66666666666667,72.0,77.21428571428571,77.56741274534279,81.5,74.0,-6.428571428571431,-5.834994582330069,0.3333333333333428,-4.0,-0.0832562442183164,-0.07522481897761127,0.004089979550102366,-0.05405405405405406,1,0,0,2017-12-02,,Charlotte,1,82.0,87.0,7.0,10.0,W,-0.0007830493625758383,0.0026993481395570784,0.0538225766716216,0.01980897122944475,0.03816302688367801,0.043538489885179665,0.10450842478135736,0.04173879579084827,8,0.6530612244897959,0.6209484691477103,0.8888888888888888,8.0,-3.3225806451612954,-2.6927546217053333,-1.3333333333333286,-8.0,0.48271428571428576,0.4819397518742325,0.4566666666666668,0.49100000000000005,1,3.0,0.4132857142857143,0.41849352930048506,0.445,0.44300000000000006,0.45767741935483874,0.4487949988191832,0.42766666666666664,0.32699999999999974,-0.04454054054054061,-0.036723835915242635,-0.01818181818181812,-0.12121212121212122,-1.107142857142854,-0.049236997661709594,-0.0012069259072961934,2.704761904761905,2.704761904761905,1.1251700680272105,1.1251700680272105,-3.5329877112135173,0.5521431976093538,1.5498809938465115,0.39422173428296503,-1.0245351473922903
2017-12-05,,Wake Forest,L,57.0,80.0,15.0,47.0,0.319,5.0,23.0,0.217,22.0,31.0,0.71,8.0,32.0,7.0,7.0,2.0,20.0,17.0,,29.0,58.0,0.5,9.0,25.0,0.36,13.0,23.0,0.565,11.0,37.0,17.0,13.0,2.0,16.0,27.0,3.0,-23.0,0,7,68.5,1,0,1,69.64285714285714,73.66666666666667,71.17552418078243,74.05401474942252,81.0,74.0,85.0,82.0,80.03571428571429,79.5,82.75037774047058,79.68240083626245,90.0,79.66666666666667,78.0,87.0,6.678571428571429,-0.04203114943420533,6.957970323199175,-0.03620398169020994,7.333333333333333,-0.029740578320104794,7.0,0.05232929643269679,8.035714285714286,-0.011637569651058388,8.656892194460497,-0.017175487837980008,11.333333333333334,-0.0750306382545162,8.0,-0.07214505175906097,0.4255714285714286,0.4526666666666667,0.4265738802627455,0.4555384144995668,0.4293333333333332,0.4633333333333332,0.4439999999999999,0.4589999999999998,0.4817857142857142,0.48649999999999993,0.4892577264224318,0.4873883346105901,0.4749999999999999,0.48999999999999994,0.3999999999999997,0.49199999999999977,74.83928571428571,76.58333333333333,76.96295096062651,76.86820779284248,85.5,76.83333333333333,81.5,84.5,0.0,0.7777777777777777,0.0597194471260484,0.7516380339604954,0.3333333333333333,0.7777777777777777,1.0,7.0,-5.833333333333329,-5.6283860868399245,-5.666666666666671,-5.0,-0.07616974972796513,-0.07322124774924188,-0.07375271149674627,-0.05917159763313609,-10.392857142857153,-0.13886900501073743,-11.574853559688151,-0.1503951370784851,-9.0,-0.10526315789473684,7.0,0.08588957055214724,CUSA,-5.833333333333333,4.5,23.0,68.5,76.375,76.74397244797254,81.0,82.0,74.125,73.83219466039445,74.0,67.5,4.5,5.823555575156163,14.0,29.0,0.06070826306913996,0.0788755583108797,0.1891891891891892,0.42962962962962964,0,1,0,2017-12-05,@,Charlotte,1,57.0,80.0,9.0,5.0,W,0.005624574066324217,0.001028333485311117,-0.05426510284462932,-0.1305975328355959,0.11951911615698102,0.12076968324294168,0.14916220506029054,0.026098279405545377,9,3.515625,3.690415632332427,9.0,9.0,-1.0322580645161281,-2.8941280819090736,-7.333333333333336,-9.0,0.42387499999999995,0.4198219020213338,0.41100000000000003,0.3560000000000001,-1,3.0,0.473875,0.48042126815816927,0.5566666666666666,0.5439999999999999,0.44003225806451624,0.4466819156136235,0.4516666666666666,0.5480000000000004,-0.013979903888160755,-0.039725494396553145,-0.10891089108910895,-0.13138686131386862,1.2291666666666643,-0.07087683564775034,-0.00809051126038304,1.7757936507936545,1.7757936507936545,2.1641865079365097,2.1641865079365097,-2.4393410852713173,0.5521431976093538,0.737804054011877,0.39422173428296503,-0.33481463766061903
2017-12-10,@,Chattanooga,L,50.0,64.0,20.0,45.0,0.444,7.0,15.0,0.467,3.0,5.0,0.6,1.0,25.0,10.0,3.0,1.0,19.0,20.0,,22.0,53.0,0.415,7.0,24.0,0.292,13.0,18.0,0.722,8.0,33.0,12.0,9.0,1.0,14.0,11.0,5.0,-14.0,0,8,57.0,0,1,-1,69.64285714285714,71.28571428571429,71.17552418078243,71.06584443723374,81.0,69.66666666666667,85.0,57.0,80.03571428571429,79.57142857142857,82.75037774047058,79.73804992571152,90.0,84.0,78.0,80.0,6.678571428571429,-0.04298327993955997,6.957970323199175,-0.03819434396202276,7.333333333333333,0.0022651115803219435,7.0,-0.050366467367046475,8.035714285714286,-0.006522566771752114,8.656892194460497,-0.009941382816351152,11.333333333333334,-0.027810076389602867,8.0,0.023975637896111457,0.4255714285714286,0.4335714285714286,0.4265738802627455,0.4316144269414613,0.4293333333333332,0.40666666666666657,0.4439999999999999,0.3189999999999998,0.4817857142857142,0.4884285714285714,0.4892577264224318,0.48959812536412334,0.4749999999999999,0.5026666666666666,0.3999999999999997,0.4999999999999998,74.83928571428571,75.42857142857143,76.96295096062651,75.40194718147262,85.5,76.83333333333333,81.5,68.5,0.0,1.4693877551020407,0.0597194471260484,1.5876617556264454,0.3333333333333333,0.8888888888888888,1.0,8.0,-8.285714285714278,-8.672205488477786,-14.333333333333329,-23.0,-0.10984848484848474,-0.11501301773555095,-0.1865509761388286,-0.3357664233576642,-10.392857142857153,-0.13886900501073743,-11.574853559688151,-0.1503951370784851,-9.0,-0.10526315789473684,7.0,0.08588957055214724,CUSA,-8.285714285714286,-6.0,14.0,57.0,65.14285714285714,65.52977999803046,67.33333333333333,66.0,68.14285714285714,68.16256952869423,68.33333333333333,68.0,-6.0,-5.265579061327543,-2.0,-4.0,-0.08805031446540881,-0.0772503017086365,-0.02926829268292683,-0.058823529411764705,1,0,0,2017-12-10,,Charlotte,1,50.0,64.0,7.0,7.0,W,0.05489669052769042,0.05294214990930851,0.01320831116343818,0.0046574560779296115,-0.04846412114003312,-0.05457103709013905,-0.06833205441158086,-0.2706672192467457,8,0.16326530612244897,0.13235676129202553,0.8888888888888888,8.0,-7.032258064516142,-7.380651188777975,-3.6666666666666714,-18.0,0.4578571428571428,0.45946397081678236,0.47666666666666674,0.4529999999999999,1,5.0,0.4335714285714286,0.432487689026986,0.4226666666666666,0.361,0.49196774193548387,0.4962749384737213,0.5130000000000002,0.5830000000000004,-0.09868718877320072,-0.10247154583524919,-0.05034324942791769,-0.2647058823529412,3.642857142857146,0.04564150398471538,-0.018922667082498505,2.991836734693879,2.991836734693879,-0.7327097505668954,-0.7327097505668954,-2.6439571150097443,0.5521431976093538,0.4849380370793049,0.39422173428296503,-1.6661052847064741
2017-12-18,@,East Carolina,W,69.0,50.0,28.0,64.0,0.438,4.0,17.0,0.235,9.0,12.0,0.75,12.0,38.0,14.0,10.0,4.0,15.0,13.0,,22.0,66.0,0.333,2.0,21.0,0.095,4.0,10.0,0.4,14.0,33.0,12.0,6.0,4.0,18.0,13.0,8.0,19.0,1,9,59.5,0,1,-1,69.64285714285714,68.625,71.17552418078243,67.72925071906715,81.0,63.0,85.0,50.0,80.03571428571429,77.625,82.75037774047058,77.24531916076258,90.0,77.0,78.0,64.0,6.678571428571429,-0.02937135663940771,6.957970323199175,-0.02127838529549414,7.333333333333333,0.03568198710246062,7.0,0.10647563789611142,8.035714285714286,-0.004345618142535923,8.656892194460497,-0.006720739902839945,11.333333333333334,-0.014823063402589876,8.0,0.014600637896111435,0.4255714285714286,0.434875,0.4265738802627455,0.4335761629348198,0.4293333333333332,0.40733333333333327,0.4439999999999999,0.4439999999999998,0.4817857142857142,0.47924999999999995,0.4892577264224318,0.47778261817101975,0.4749999999999999,0.4689999999999999,0.3999999999999997,0.4149999999999998,74.83928571428571,73.125,76.96295096062651,72.48728493991486,85.5,70.0,81.5,57.0,0.0,0.5625,0.0597194471260484,0.4219950770047338,0.3333333333333333,1.0,1.0,9.0,-9.0,-9.516068441695424,-14.0,-14.0,-0.12307692307692308,-0.1312791401910466,-0.2,-0.24561403508771928,-10.392857142857153,-0.13886900501073743,-11.574853559688151,-0.1503951370784851,-9.0,-0.10526315789473684,7.0,0.08588957055214724,CUSA,-9.0,0.5555555555555556,-19.0,59.5,70.55555555555556,70.72535271115528,75.0,69.0,70.27777777777777,70.51146517382557,72.66666666666667,67.5,0.5555555555555571,0.42777507465945064,4.666666666666671,3.0,0.007905138339920972,0.00606674494147718,0.06422018348623859,0.044444444444444446,1,0,0,2017-12-18,,Charlotte,0,69.0,50.0,2.0,4.0,L,-0.09147711800940037,-0.09591878798557896,-0.15352436210388856,-0.1396113186256277,-0.027810076389602867,-0.03268640550765328,-0.029164172530428856,0.0046574560779296115,10,6.049382716049383,6.100208057797863,10.0,10.0,-8.5,-11.858234165441559,-16.0,-14.0,0.408,0.4098454338492066,0.40533333333333327,0.3879999999999999,1,14.0,0.4486666666666667,0.45109013902334605,0.4633333333333333,0.5109999999999998,0.4530666666666667,0.47272012237829775,0.4553333333333333,0.43200000000000005,-0.1202546569205376,-0.16490973385217547,-0.23529411764705882,-0.23728813559322035,1.4236111111111143,0.0285800572394143,0.019938019551814817,1.3537563131313135,1.3537563131313135,-6.942312008978674,-6.942312008978674,-1.8732503607503606,0.5521431976093538,-0.45471147562012604,0.39422173428296503,0.8758802531487717
2017-12-21,@,South Florida,L,76.0,78.0,26.0,60.0,0.433,12.0,25.0,0.48,12.0,18.0,0.667,9.0,29.0,17.0,5.0,2.0,9.0,13.0,,31.0,63.0,0.492,8.0,23.0,0.348,8.0,15.0,0.533,9.0,37.0,19.0,6.0,4.0,11.0,13.0,3.0,-2.0,0,10,77.0,0,1,-1,69.64285714285714,68.66666666666667,71.17552418078243,67.91400209309343,81.0,58.666666666666664,85.0,69.0,80.03571428571429,74.55555555555556,82.75037774047058,73.28418361163206,90.0,64.66666666666667,78.0,50.0,6.678571428571429,-0.04167970190971382,6.957970323199175,-0.03875765170532214,7.333333333333333,-0.0407970893766158,7.0,-0.1396113186256277,8.035714285714286,-0.018442394890773817,8.656892194460497,-0.025250630179303013,11.333333333333334,-0.035173846639971085,8.0,-0.19352436210388857,0.4255714285714286,0.43522222222222223,0.4265738802627455,0.43421933463558243,0.4293333333333332,0.4003333333333332,0.4439999999999999,0.4379999999999998,0.4817857142857142,0.46299999999999997,0.4892577264224318,0.45673299961638203,0.4749999999999999,0.4159999999999999,0.3999999999999997,0.3329999999999998,74.83928571428571,71.61111111111111,76.96295096062651,70.59909285236273,85.5,61.666666666666664,81.5,59.5,0.0,0.12345679012345678,0.0597194471260484,0.015735156739618436,0.3333333333333333,1.1111111111111112,1.0,10.0,-5.888888888888886,-5.3701815185386295,-6.000000000000007,19.0,-0.08223429014740104,-0.07606587140954894,-0.09729729729729741,0.31932773109243695,-10.392857142857153,-0.13886900501073743,-11.574853559688151,-0.1503951370784851,-9.0,-0.10526315789473684,7.0,0.08588957055214724,CUSA,-5.888888888888889,-0.75,2.0,77.0,65.0,65.65569183244403,68.66666666666667,70.0,65.375,65.76230190441538,65.0,63.0,-0.75,-0.21322014394266375,7.333333333333336,14.0,-0.011472275334608031,-0.0032422852875888734,0.11282051282051286,0.2222222222222222,1,0,0,2017-12-21,,Charlotte,1,76.0,78.0,8.0,12.0,W,-0.032755131334657794,-0.03148580355122127,-0.007699119385441988,0.11504706646753998,-0.04736466628639807,-0.046931257366233714,-0.08526349253867119,-0.09923864781817429,13,1.4444444444444444,1.6905827125321475,13.0,13.0,-7.3125,-6.954248301043762,10.999999999999993,-2.0,0.41058333333333336,0.41130087049044667,0.3933333333333333,0.3489999999999999,1,3.0,0.4258333333333333,0.4313190610276928,0.463,0.5000000000000002,0.45309375,0.4640250587021219,0.4499999999999998,0.5709999999999997,-0.10919272048530097,-0.1032565577473442,0.16458852867830415,-0.02564102564102564,3.118055555555557,0.0444313534778105,0.024578101366316284,1.3274971941638603,1.3274971941638603,-6.3446218133718135,-6.3446218133718135,-2.4036492547856176,0.5521431976093538,-1.3486324227734454,0.39422173428296503,-0.05438978284622283
2017-12-30,@,Old Dominion,L,58.0,89.0,16.0,52.0,0.308,5.0,17.0,0.294,21.0,34.0,0.618,12.0,31.0,6.0,6.0,2.0,22.0,22.0,,31.0,58.0,0.534,7.0,15.0,0.467,20.0,26.0,0.769,9.0,41.0,18.0,11.0,4.0,16.0,24.0,9.0,-31.0,0,11,73.5,0,1,-1,69.64285714285714,69.4,71.17552418078243,69.00614324394523,81.0,65.0,85.0,76.0,80.03571428571429,74.9,82.75037774047058,73.92112876013363,90.0,64.0,78.0,78.0,6.678571428571429,-0.01957623530273589,6.957970323199175,-0.009167719084953618,7.333333333333333,0.0403217917422653,7.0,0.1601598484224272,8.035714285714286,-0.01712916851243329,8.656892194460497,-0.022483124419518385,11.333333333333334,-0.047899362103888565,8.0,-0.005832054411580856,0.4255714285714286,0.43500000000000005,0.4265738802627455,0.43405464432184376,0.4293333333333332,0.43833333333333324,0.4439999999999999,0.4329999999999998,0.4817857142857142,0.4659,0.4892577264224318,0.46149636250980514,0.4749999999999999,0.4133333333333333,0.3999999999999997,0.4919999999999997,74.83928571428571,72.15,76.96295096062651,71.46363600203942,85.5,64.5,81.5,77.0,0.0,0.0,0.0597194471260484,0.11166923516498871,0.3333333333333333,11.0,1.0,11.0,-5.5,-4.914985516188395,1.0,-2.0,-0.07623007623007623,-0.06877603479408928,0.015503875968992248,-0.025974025974025976,-10.392857142857153,-0.13886900501073743,-11.574853559688151,-0.1503951370784851,-9.0,-0.10526315789473684,7.0,0.08588957055214724,CUSA,-5.5,11.75,31.0,73.5,72.75,73.7080801447355,77.0,61.0,66.875,67.38621285353541,67.33333333333333,55.5,11.75,12.643734582400192,19.333333333333336,11.0,0.17570093457943925,0.18763088244596074,0.28712871287128716,0.1981981981981982,1,0,0,2017-12-30,,Charlotte,1,58.0,89.0,7.0,5.0,W,-0.052355977224163464,-0.048214191824899555,-0.027810076389602867,-0.11680305062847873,0.08811498215840652,0.08564013545808019,0.015955406682238604,-0.07352436210388857,13,0.09027777777777778,0.1732347232505766,1.4444444444444444,13.0,10.53125,9.879621711863273,7.333333333333336,-8.0,0.38958333333333334,0.3906194660033831,0.3673333333333333,0.37999999999999984,1,8.0,0.4409999999999999,0.43742348947456805,0.37266666666666676,0.3019999999999998,0.41109375000000004,0.41433281519200243,0.3409999999999999,0.3669999999999999,0.15469359651136103,0.14571919904827219,0.12290502793296094,-0.1509433962264151,2.637500000000003,-0.041532633246994355,0.02994685887544494,0.27039294039294076,0.27039294039294076,-4.920163170163173,-4.920163170163173,-1.969140618476902,0.5521431976093538,-1.9450191804961008,0.39422173428296503,2.230517645880408
2018-01-04,@,North Texas,W,70.0,68.0,24.0,64.0,0.375,5.0,24.0,0.208,17.0,24.0,0.708,10.0,33.0,4.0,7.0,3.0,10.0,19.0,,26.0,59.0,0.441,6.0,21.0,0.286,10.0,17.0,0.588,9.0,36.0,15.0,3.0,7.0,15.0,20.0,5.0,2.0,1,12,69.0,0,1,-1,69.64285714285714,68.36363636363636,71.17552418078243,67.61175959826191,81.0,67.66666666666667,85.0,58.0,80.03571428571429,76.18181818181819,82.75037774047058,75.83149199875503,90.0,72.33333333333333,78.0,89.0,6.678571428571429,-0.02230095784856939,6.957970323199175,-0.014138339634139574,7.333333333333333,-0.0031795345176817147,7.0,-0.054903672448716134,8.035714285714286,-0.023548228452337283,8.656892194460497,-0.03067399745489613,11.333333333333334,-0.07850132062923418,8.0,-0.07756930592411329,0.4255714285714286,0.4234545454545455,0.4265738802627455,0.41808460553450544,0.4293333333333332,0.39299999999999996,0.4439999999999999,0.3079999999999998,0.4817857142857142,0.47209090909090906,0.4892577264224318,0.4706819495159071,0.4749999999999999,0.4529999999999999,0.3999999999999997,0.5339999999999998,74.83928571428571,72.27272727272727,76.96295096062651,71.72162579850846,85.5,70.0,81.5,73.5,0.0,0.09917355371900827,0.0597194471260484,0.5530622810803185,0.3333333333333333,12.0,1.0,12.0,-7.818181818181827,-8.219732400493115,-4.666666666666657,-31.0,-0.10817610062893095,-0.11460605234445277,-0.06666666666666653,-0.4217687074829932,-10.392857142857153,-0.13886900501073743,-11.574853559688151,-0.1503951370784851,-9.0,-0.10526315789473684,7.0,0.08588957055214724,CUSA,-5.5,-1.0,-2.0,69.0,71.61538461538461,71.67399759001889,66.0,72.0,71.96153846153847,71.63847595913388,67.66666666666667,71.5,-0.6923076923076934,0.07104326176997233,-3.3333333333333286,1.0,-0.009620523784072703,0.0009916914174793292,-0.04926108374384229,0.013986013986013986,1,0,0,2018-01-04,,Charlotte,0,70.0,68.0,6.0,5.0,L,0.0022651115803219435,0.010615510491378433,0.08041503183550536,0.01980897122944475,-0.05501372380601621,-0.054246238122826196,-0.08275513133465778,-0.06000323534332519,14,0.7455621301775149,1.2871831533756537,14.0,14.0,1.555555555555543,3.6390302688415943,5.0,11.0,0.43192307692307685,0.4338185018302965,0.4493333333333334,0.4669999999999999,1,5.0,0.44307692307692303,0.4436105298441018,0.4116666666666668,0.4330000000000001,0.4303611111111111,0.4254820161291203,0.387,0.3589999999999998,0.021604938271604764,0.05027085694958476,0.07092198581560284,0.13333333333333333,0.15559440559439963,0.035026543302056026,-0.007303380379211797,0.8230103230103244,-0.41776556776556645,0.6702063961679338,0.9563977688977677,-2.0727217635305877,0.5521431976093538,-0.8108128913600917,0.39422173428296503,-1.5277155041821149
2018-01-06,@,Rice,L,64.0,73.0,24.0,62.0,0.387,6.0,26.0,0.231,10.0,17.0,0.588,15.0,36.0,13.0,4.0,1.0,19.0,21.0,,26.0,56.0,0.464,8.0,22.0,0.364,13.0,17.0,0.765,8.0,31.0,11.0,6.0,4.0,13.0,19.0,2.0,-9.0,0,13,68.5,0,1,-1,69.64285714285714,68.5,71.17552418078243,67.89781623667893,81.0,68.0,85.0,70.0,80.03571428571429,75.5,82.75037774047058,74.89345817547519,90.0,78.33333333333333,78.0,68.0,6.678571428571429,-0.02885282925717325,6.957970323199175,-0.024646999999617114,7.333333333333333,0.010005049660817333,7.0,-0.09923864781817429,8.035714285714286,-0.025444891905213096,8.656892194460497,-0.032647254214972554,11.333333333333334,-0.045439255720909844,8.0,-0.048818479750947386,0.4255714285714286,0.4194166666666667,0.4265738802627455,0.412924054101846,0.4293333333333332,0.37199999999999994,0.4439999999999999,0.37499999999999983,0.4817857142857142,0.4695,0.4892577264224318,0.4671267300773592,0.4749999999999999,0.48899999999999993,0.3999999999999997,0.44099999999999984,74.83928571428571,72.0,76.96295096062651,71.39563720607704,85.5,73.16666666666667,81.5,69.0,0.0,0.3611111111111111,0.0597194471260484,1.2392090907419009,0.3333333333333333,13.0,1.0,13.0,-7.0,-6.995641938796254,-10.333333333333329,2.0,-0.09722222222222222,-0.09798416559549665,-0.14123006833712975,0.028985507246376812,-10.392857142857153,-0.13886900501073743,-11.574853559688151,-0.1503951370784851,-9.0,-0.10526315789473684,7.0,0.08588957055214724,CUSA,-5.5,-11.090909090909092,9.0,68.5,65.14285714285714,65.18283572176655,67.66666666666667,75.0,70.85714285714286,71.09741135056461,74.0,78.5,-11.42857142857143,-11.829151257596124,-12.666666666666657,-7.0,-0.16129032258064518,-0.16637949304890104,-0.17117117117117103,-0.08917197452229299,1,0,0,2018-01-06,,Charlotte,1,64.0,73.0,8.0,6.0,W,0.07134405894874307,0.08223989725813186,0.1741603669601508,0.2464756378961115,0.03069205580655926,0.03698604412334339,0.122160285199016,0.08891466228635536,15,0.6887755102040816,0.8437269423384803,1.6666666666666665,15.0,-8.58620689655173,-7.7749771951817905,-5.333333333333329,-19.0,0.44857142857142857,0.45366345419363213,0.4789999999999999,0.44799999999999973,1,2.0,0.39078571428571424,0.39343721377253965,0.38999999999999985,0.41700000000000004,0.4513448275862069,0.457982467727553,0.4679999999999998,0.5089999999999992,-0.1198555956678701,-0.10793303440263045,-0.07692307692307686,-0.2733812949640288,0.5714285714285694,-0.029758236603305094,-0.04260682888962659,0.5392246642246649,-0.552930402930403,2.1603753389467686,1.7910271546635206,-2.0576973029995904,0.5521431976093538,-0.6136155207837888,0.39422173428296503,-1.8182642752743452
2018-01-11,,Marshall,L,83.0,91.0,29.0,67.0,0.433,5.0,16.0,0.313,20.0,29.0,0.69,14.0,40.0,7.0,6.0,2.0,17.0,19.0,,32.0,67.0,0.478,9.0,31.0,0.29,18.0,21.0,0.857,7.0,31.0,15.0,9.0,3.0,14.0,22.0,5.0,-8.0,0,14,87.0,1,0,1,69.64285714285714,68.15384615384616,71.17552418078243,67.45352220780188,81.0,64.0,85.0,64.0,80.03571428571429,75.3076923076923,82.75037774047058,74.67763164333246,90.0,76.66666666666667,78.0,73.0,6.678571428571429,-0.029099982871382934,6.957970323199175,-0.025471895287646096,7.333333333333333,-0.06352436210388857,7.0,-0.032274362103888565,8.035714285714286,-0.0224109811028671,8.656892194460497,-0.027311124024911537,11.333333333333334,-0.03961131862562772,8.0,0.01524276118378265,0.4255714285714286,0.4169230769230769,0.4265738802627455,0.4099690911835456,0.4293333333333332,0.35666666666666663,0.4439999999999999,0.3869999999999998,0.4817857142857142,0.46907692307692306,0.4892577264224318,0.4667703285902372,0.4749999999999999,0.47966666666666663,0.3999999999999997,0.4639999999999998,74.83928571428571,71.73076923076923,76.96295096062651,71.06557692556716,85.5,70.33333333333333,81.5,68.5,0.0,0.7455621301775149,0.0597194471260484,2.1026040480392605,0.3333333333333333,14.0,1.0,14.0,-7.153846153846146,-7.224109435530579,-12.666666666666671,-9.0,-0.0997319034852546,-0.10165413056587136,-0.1800947867298579,-0.13138686131386862,-10.392857142857153,-0.13886900501073743,-11.574853559688151,-0.1503951370784851,-9.0,-0.10526315789473684,7.0,0.08588957055214724,CUSA,-5.5,4.083333333333333,8.0,87.0,86.93333333333334,86.54190959904959,83.33333333333333,87.0,85.06666666666666,84.69904500767962,82.16666666666667,99.5,3.7333333333333343,3.6857291827399763,2.3333333333333286,-25.0,0.04388714733542321,0.043515593149908514,0.028397565922920833,-0.25125628140703515,0,1,0,2018-01-11,@,Charlotte,1,83.0,91.0,9.0,5.0,W,0.02466582194519118,0.033304216116323226,0.11847563789611149,0.30716529306852525,-0.02987051595004242,-0.04525497830146569,-0.11599349790635771,-0.12602436210388857,16,1.7777777777777777,2.4837156867649983,16.0,16.0,3.7714285714285722,3.3747429835548104,-5.333333333333329,-23.0,0.4652,0.46711079823319446,0.5093333333333333,0.625,-1,5.0,0.4767333333333334,0.47402968056754957,0.43400000000000016,0.39999999999999997,0.4444,0.4375924783948553,0.42333333333333334,0.49999999999999994,0.04639718804920914,0.042252533966832914,-0.0704845814977973,-0.2787878787878788,-6.667948717948718,0.029482732276802384,-0.0235113859544767,-0.6443815987933623,-0.9510294117647042,-1.935096662596661,-2.8175887769637757,-1.1468694616092796,0.5521431976093538,-1.2268917804582458,0.39422173428296503,0.165628986308528
2018-01-13,,Western Kentucky,L,63.0,73.0,20.0,58.0,0.345,2.0,15.0,0.133,21.0,22.0,0.955,5.0,36.0,5.0,4.0,3.0,13.0,24.0,,25.0,64.0,0.391,3.0,14.0,0.214,20.0,29.0,0.69,13.0,43.0,8.0,9.0,4.0,13.0,17.0,2.0,-10.0,0,15,68.0,1,0,1,69.64285714285714,69.21428571428571,71.17552418078243,69.14925174742291,81.0,72.33333333333333,85.0,83.0,80.03571428571429,76.42857142857143,82.75037774047058,76.45799132022769,90.0,77.33333333333333,78.0,91.0,6.678571428571429,-0.03798256643825387,6.957970323199175,-0.03952378048024152,7.333333333333333,-0.0923262054218609,7.0,-0.1328014705376235,8.035714285714286,-0.021935577057159594,8.656892194460497,-0.025949299979177498,11.333333333333334,-0.016110569000440278,8.0,-0.01682106540059186,0.4255714285714286,0.41807142857142854,0.4265738802627455,0.41248118382127336,0.4293333333333332,0.39833333333333326,0.4439999999999999,0.43299999999999983,0.4817857142857142,0.4697142857142857,0.4892577264224318,0.46799520317496973,0.4749999999999999,0.4609999999999999,0.3999999999999997,0.4779999999999997,74.83928571428571,72.82142857142857,76.96295096062651,72.8036215338253,85.5,74.83333333333333,81.5,87.0,0.0,0.3061224489795918,0.0597194471260484,0.8368060434545741,0.3333333333333333,1.6666666666666665,1.0,15.0,-7.214285714285722,-7.308739572804782,-5.0,-8.0,-0.0990681706718981,-0.1003897803271925,-0.066815144766147,-0.09195402298850575,-10.392857142857153,-0.13886900501073743,-11.574853559688151,-0.1503951370784851,-9.0,-0.10526315789473684,7.0,0.08588957055214724,CUSA,-5.5,6.75,10.0,68.0,79.125,79.68967192957423,89.66666666666667,75.0,75.0625,75.22558441567857,81.66666666666667,71.5,8.125,8.928175027791355,16.0,7.0,0.10824313072439634,0.11868535282433164,0.19591836734693877,0.0979020979020979,0,1,0,2018-01-13,@,Charlotte,1,63.0,73.0,3.0,2.0,W,-0.06707886447355682,-0.06420445232816613,0.0098957122455538,0.08647563789611146,0.05355310268484381,0.062391104683035714,0.08014079626715215,-0.13705377386859444,17,0.59765625,0.22223997401811693,1.8888888888888888,17.0,7.432432432432435,7.034244614578313,2.3333333333333286,-5.0,0.42206250000000006,0.41597205600271575,0.38000000000000017,0.38800000000000034,-1,2.0,0.5100625000000001,0.5154181283846863,0.5616666666666668,0.5400000000000005,0.4297297297297297,0.43275149402425067,0.44533333333333364,0.4790000000000001,0.0996918615189415,0.09435637197635455,0.030237580993520453,-0.07518796992481203,-1.1205357142857153,-0.04510082350358707,0.03835900937936837,-0.5391429648782585,-1.148550150829562,4.419801879084968,5.053783457827577,-1.0866170863333486,0.5521431976093538,-0.8698688981806159,0.39422173428296503,-0.11089606980250005
2018-01-18,@,Florida Atlantic,L,64.0,75.0,25.0,51.0,0.49,5.0,14.0,0.357,9.0,18.0,0.5,7.0,26.0,6.0,6.0,1.0,16.0,14.0,,30.0,62.0,0.484,6.0,12.0,0.5,9.0,16.0,0.563,9.0,32.0,14.0,11.0,3.0,11.0,19.0,5.0,-11.0,0,16,69.5,0,1,-1,69.64285714285714,68.8,71.17552418078243,68.50438815251555,81.0,70.0,85.0,63.0,80.03571428571429,76.2,82.75037774047058,76.09535651431736,90.0,79.0,78.0,73.0,6.678571428571429,-0.04898947838295831,6.957970323199175,-0.05676405317976235,7.333333333333333,-0.12781007638960284,7.0,-0.21828626686579333,8.035714285714286,-0.03268446709076517,8.656892194460497,-0.04247707997653777,11.333333333333334,-0.06035980514186323,8.0,-0.19023669087101186,0.4255714285714286,0.41319999999999996,0.4265738802627455,0.40540452464793114,0.4293333333333332,0.38833333333333325,0.4439999999999999,0.3449999999999998,0.4817857142857142,0.46446666666666664,0.4892577264224318,0.45992082184380334,0.4749999999999999,0.44433333333333325,0.3999999999999997,0.3909999999999998,74.83928571428571,72.5,76.96295096062651,72.29987233341645,85.5,74.5,81.5,68.0,0.0,0.07111111111111111,0.0597194471260484,0.18166354050708663,0.3333333333333333,1.7777777777777777,1.0,16.0,-7.400000000000006,-7.590968361801814,-9.0,-10.0,-0.10206896551724146,-0.10499283216982011,-0.12080536912751678,-0.14705882352941177,-10.392857142857153,-0.13886900501073743,-11.574853559688151,-0.1503951370784851,-9.0,-0.10526315789473684,7.0,0.08588957055214724,CUSA,-5.5,-8.444444444444445,11.0,69.5,65.28571428571429,64.86663995083191,67.66666666666667,73.0,68.89285714285714,68.51746996339871,66.5,71.0,-7.214285714285708,-7.301660025133614,2.333333333333343,4.0,-0.10471747019180914,-0.10656639874522632,0.03508771929824576,0.056338028169014086,1,0,0,2018-01-18,,Charlotte,1,64.0,75.0,6.0,5.0,W,-0.060789132344588825,-0.05678947093453063,-0.07707116013344523,0.05633865159474155,-0.053425839936400876,-0.043185198970003724,-0.022708035573276275,0.034301724852633164,15,1.2244897959183672,1.2167597031973383,1.6666666666666665,15.0,-5.214285714285708,-4.3805494615904195,-7.666666666666671,-11.0,0.4444285714285714,0.4400782941378689,0.38833333333333325,0.37100000000000005,1,5.0,0.37914285714285706,0.37554026135217666,0.37966666666666676,0.34799999999999986,0.44164285714285717,0.43838901206891556,0.45899999999999985,0.5500000000000003,-0.07525773195876279,-0.06240596088645137,-0.1019955654101996,-0.14193548387096774,1.8035714285714306,0.051159593730362066,0.044574212226273634,-0.07802840434419712,-1.3152043712221768,2.1353306673546606,2.136494763597445,-0.5591960601529566,0.5521431976093538,-0.3163821428064125,0.39422173428296503,-1.136954583085371
2018-01-20,@,Florida International,L,59.0,79.0,22.0,53.0,0.415,6.0,20.0,0.3,9.0,12.0,0.75,9.0,32.0,9.0,2.0,2.0,16.0,15.0,,26.0,55.0,0.473,8.0,18.0,0.444,19.0,25.0,0.76,7.0,31.0,14.0,8.0,4.0,6.0,14.0,2.0,-20.0,0,17,69.0,0,1,-1,69.64285714285714,68.5,71.17552418078243,68.0483908674035,81.0,70.0,85.0,64.0,80.03571428571429,76.125,82.75037774047058,75.98446917960142,90.0,79.66666666666667,78.0,75.0,6.678571428571429,-0.05075063947615133,6.957970323199175,-0.0588953878796491,7.333333333333333,-0.14209579067531714,7.0,-0.07914936210388857,8.035714285714286,-0.03519923895117921,8.656892194460497,-0.045579399079790806,11.333333333333334,-0.08758293950974633,8.0,-0.07352436210388857,0.4255714285714286,0.418,0.4265738802627455,0.41396846403041165,0.4293333333333332,0.4226666666666666,0.4439999999999999,0.48999999999999977,0.4817857142857142,0.4656875,0.4892577264224318,0.4623584536586422,0.4749999999999999,0.4509999999999999,0.3999999999999997,0.48399999999999976,74.83928571428571,72.3125,76.96295096062651,72.01643002350245,85.5,74.83333333333333,81.5,69.5,0.0,0.265625,0.0597194471260484,0.6597666355253821,0.3333333333333333,1.8888888888888888,1.0,17.0,-7.625,-7.936078312197921,-9.666666666666671,-11.0,-0.10544511668107173,-0.11019816324702564,-0.12917594654788425,-0.15827338129496402,-10.392857142857153,-0.13886900501073743,-11.574853559688151,-0.1503951370784851,-9.0,-0.10526315789473684,7.0,0.08588957055214724,CUSA,-5.5,-2.0,20.0,69.0,69.9375,69.2302191606761,67.0,54.0,71.375,70.79157123229284,68.83333333333333,59.0,-2.875,-3.122704143233449,-3.6666666666666714,-10.0,-0.040280210157618214,-0.044111242184280995,-0.05326876513317198,-0.1694915254237288,1,0,0,2018-01-20,,Charlotte,1,59.0,79.0,8.0,6.0,W,-0.04542784735858024,-0.03878059900686692,-9.152628299302634e-05,0.13092008234055585,-0.009661701159682567,-0.022165532535214694,-0.04465643757558668,0.061475637896111435,17,1.66015625,1.6705439381208431,1.8888888888888888,17.0,-2.3103448275862064,-2.7347717085216345,-7.0,-1.0,0.4407500000000001,0.4411611945528771,0.414,0.4309999999999999,1,2.0,0.42075,0.41945842961332697,0.4053333333333334,0.3509999999999998,0.44313793103448273,0.4461739089758613,0.47733333333333317,0.44200000000000006,-0.03237496979946847,-0.0383746389385787,-0.09523809523809523,-0.014598540145985401,0.46875,0.022143565934179685,0.03998781882289107,-0.3633169934640521,-1.2012418300653593,-0.9828901681286539,-3.136308909528722,-0.42189144628909575,0.5521431976093538,-0.6225011160238685,0.39422173428296503,-0.7739391800127339
2018-01-27,,Old Dominion,L,66.0,88.0,22.0,40.0,0.55,9.0,17.0,0.529,13.0,19.0,0.684,2.0,17.0,13.0,2.0,3.0,13.0,18.0,,31.0,62.0,0.5,9.0,20.0,0.45,17.0,23.0,0.739,18.0,37.0,11.0,8.0,3.0,5.0,18.0,7.0,-22.0,0,18,77.0,1,0,1,69.64285714285714,67.94117647058823,71.17552418078243,67.16102007598444,81.0,62.0,85.0,59.0,80.03571428571429,76.29411764705883,82.75037774047058,76.28020065383353,90.0,75.66666666666667,78.0,79.0,6.678571428571429,-0.0485892971688236,6.957970323199175,-0.054548490815753026,7.333333333333333,-0.10384694274904985,7.0,-0.008439616341176681,8.035714285714286,-0.03364772370758945,8.656892194460497,-0.04193799771829221,11.333333333333334,-0.08885475857965949,8.0,-0.009726893749458176,0.4255714285714286,0.4178235294117647,0.4265738802627455,0.41406962620423066,0.4293333333333332,0.4166666666666666,0.4439999999999999,0.4149999999999998,0.4817857142857142,0.4661176470588235,0.4892577264224318,0.4634020643444793,0.4749999999999999,0.4493333333333332,0.3999999999999997,0.47299999999999975,74.83928571428571,72.11764705882354,76.96295096062651,71.72061036490899,85.5,68.83333333333333,81.5,69.0,0.0,0.5605536332179932,0.0597194471260484,1.3687011191356198,0.3333333333333333,2.0,1.0,18.0,-8.352941176470594,-9.119180577849093,-13.666666666666671,-20.0,-0.1158238172920066,-0.12714867499664878,-0.1985472154963681,-0.2898550724637681,-10.392857142857153,-0.13886900501073743,-11.574853559688151,-0.1503951370784851,-9.0,-0.10526315789473684,7.0,0.08588957055214724,CUSA,-5.5,11.75,22.0,77.0,73.36842105263158,73.79469209390928,73.0,73.0,68.05263157894737,68.57565587047372,68.5,67.5,10.631578947368418,10.438072446871118,9.0,11.0,0.15622583139984528,0.15221250623671229,0.13138686131386862,0.16296296296296298,0,1,0,2018-01-27,@,Charlotte,1,66.0,88.0,9.0,9.0,W,-0.057426801128278804,-0.05997945452579556,-0.10804491004909406,-0.19023669087101186,0.08412664460752078,0.08093618942985364,0.061475637896111435,0.02518531531546625,20,0.0,0.02458147116509326,2.2222222222222223,20.0,10.53125,9.879621711863273,7.333333333333336,-8.0,0.395,0.39830058238501026,0.38833333333333325,0.4139999999999999,-1,7.0,0.44378947368421046,0.4430033043138519,0.4633333333333334,0.4999999999999996,0.41109375000000004,0.41433281519200243,0.3409999999999999,0.3669999999999999,0.15469359651136103,0.14571919904827219,0.12290502793296094,-0.1509433962264151,2.032507739938083,-0.06393476780790588,0.04395771988826322,-0.43032841619620105,-1.1603336773305828,-2.726642457537033,-3.092453355611252,-0.29630532754980304,0.5521431976093538,-0.7217860402334177,0.39422173428296503,0.7465307858595879
2018-02-01,,Alabama-Birmingham,L,64.0,76.0,20.0,56.0,0.357,9.0,29.0,0.31,15.0,26.0,0.577,8.0,34.0,12.0,6.0,2.0,15.0,18.0,,29.0,60.0,0.483,3.0,15.0,0.2,15.0,20.0,0.75,5.0,39.0,15.0,6.0,4.0,12.0,21.0,5.0,-12.0,0,19,70.0,1,0,1,69.64285714285714,67.83333333333333,71.17552418078243,67.05037954158341,81.0,63.0,85.0,66.0,80.03571428571429,76.94444444444444,82.75037774047058,77.39705030144474,90.0,80.66666666666667,78.0,88.0,6.678571428571429,-0.0407970893766158,6.957970323199175,-0.0404672336441772,7.333333333333333,0.003935955356428877,7.0,0.09556654698702055,8.035714285714286,-0.03193591445045896,8.656892194460497,-0.03812059617465763,11.333333333333334,-0.02840039516173981,8.0,-0.006706180285706742,0.4255714285714286,0.42516666666666664,0.4265738802627455,0.42702324303582967,0.4293333333333332,0.48499999999999993,0.4439999999999999,0.5499999999999998,0.4817857142857142,0.46799999999999997,0.4892577264224318,0.466889700124996,0.4749999999999999,0.4856666666666665,0.3999999999999997,0.4999999999999998,74.83928571428571,72.38888888888889,76.96295096062651,72.22371492151409,85.5,71.83333333333333,81.5,77.0,0.0,0.2345679012345679,0.0597194471260484,0.4516440540915022,0.3333333333333333,2.111111111111111,1.0,19.0,-9.111111111111114,-10.346670759861325,-17.66666666666667,-22.0,-0.12586339217191103,-0.1432586342464537,-0.245939675174014,-0.2857142857142857,-10.392857142857153,-0.13886900501073743,-11.574853559688151,-0.1503951370784851,-9.0,-0.10526315789473684,7.0,0.08588957055214724,CUSA,-5.5,11.0,12.0,70.0,78.1,77.19509017658507,77.66666666666667,70.0,74.05,74.03997875360848,79.83333333333333,76.0,8.099999999999994,6.31022284595322,-4.333333333333329,-12.0,0.10938555030384868,0.08522723739498209,-0.05427974947807927,-0.15789473684210525,0,1,0,2018-02-01,@,Charlotte,1,64.0,76.0,3.0,9.0,W,-0.04271770397328678,-0.04270102509161583,-0.08176470545152806,-0.09923864781817429,0.07861849503896862,0.0895504911952903,0.19867075984733096,0.23525612570098953,21,1.3125,1.1434069741158839,2.333333333333333,21.0,5.548387096774206,3.0242805399791166,3.6666666666666714,-28.0,0.4271,0.42599248295264086,0.4346666666666667,0.48499999999999993,-1,5.0,0.4997999999999999,0.5022291970616498,0.49366666666666653,0.47399999999999987,0.43080645161290326,0.4370956615546597,0.47933333333333333,0.5969999999999998,0.07547169811320772,0.04084777291249743,0.04426559356136827,-0.3333333333333333,-0.8305555555555557,-0.05663396303244042,0.03693546993894781,0.0625554884136095,-1.5287743898613484,-1.6218936545910232,-2.989009196545081,-0.36092718700929016,0.5521431976093538,-0.09661737133156123,0.39422173428296503,0.3077938765625228
2018-02-03,,Middle Tennessee,L,73.0,78.0,26.0,49.0,0.531,7.0,21.0,0.333,14.0,21.0,0.667,3.0,21.0,12.0,6.0,0.0,13.0,13.0,,32.0,63.0,0.508,7.0,15.0,0.467,7.0,7.0,1.0,11.0,31.0,15.0,8.0,1.0,14.0,18.0,2.0,-5.0,0,20,75.5,1,0,1,69.64285714285714,67.63157894736842,71.17552418078243,66.76714827170309,81.0,63.0,85.0,64.0,80.03571428571429,76.89473684210526,82.75037774047058,77.26733256449732,90.0,81.0,78.0,76.0,6.678571428571429,-0.03336872008054231,6.957970323199175,-0.02722200207621356,7.333333333333333,0.06742801884849237,7.0,0.10835063789611143,8.035714285714286,-0.040423746087461465,8.656892194460497,-0.052457547927746595,11.333333333333334,-0.066610781856975,8.0,-0.19510330947230964,0.4255714285714286,0.42157894736842105,0.4265738802627455,0.42052150389949866,0.4293333333333332,0.4406666666666666,0.4439999999999999,0.35699999999999976,0.4817857142857142,0.46878947368421053,0.4892577264224318,0.4683855601088266,0.4749999999999999,0.4853333333333332,0.3999999999999997,0.48299999999999976,74.83928571428571,72.26315789473684,76.96295096062651,72.01724041810022,85.5,72.0,81.5,70.0,0.0,0.05540166204986149,0.0597194471260484,0.04420048687832517,0.3333333333333333,2.2222222222222223,1.0,20.0,-9.263157894736835,-10.50018429279423,-18.0,-12.0,-0.12818645302257822,-0.14580098087395196,-0.25,-0.17142857142857143,-10.392857142857153,-0.13886900501073743,-11.574853559688151,-0.1503951370784851,-9.0,-0.10526315789473684,7.0,0.08588957055214724,CUSA,-5.5,3.3636363636363638,5.0,75.5,71.9047619047619,71.36992730319668,74.0,66.0,68.57142857142857,67.32691529101032,63.666666666666664,62.5,6.666666666666657,8.086024024372705,20.666666666666664,7.0,0.09722222222222208,0.12010091342254578,0.3246073298429319,0.112,0,1,0,2018-02-03,@,Charlotte,1,73.0,78.0,7.0,7.0,W,-0.061206481309186545,-0.05707707130804218,-0.01622706480659125,-0.0862516348311613,-0.044181296410457926,-0.04670302819498745,0.0052256378961114125,-0.059287073968295356,22,0.44897959183673464,0.3366037142588544,2.444444444444444,22.0,7.46875,8.120408849370165,2.6666666666666714,-16.0,0.4249523809523809,0.4158257613756206,0.34833333333333333,0.3679999999999997,-1,2.0,0.45319047619047625,0.4543939272305583,0.49066666666666675,0.4900000000000002,0.43471875,0.4377730177671631,0.4710000000000001,0.5369999999999999,0.10596320106406562,0.11415849758689019,0.03587443946188348,-0.21052631578947367,1.845864661654133,0.03839626691119906,0.049741283249927444,0.4432074308926058,-1.484647735940642,3.800690080021562,6.097239047733121,-0.517053262208521,0.5521431976093538,0.20048812698979496,0.39422173428296503,0.11643336607329784
2018-02-08,@,Louisiana Tech,L,65.0,83.0,21.0,52.0,0.404,6.0,16.0,0.375,17.0,19.0,0.895,8.0,34.0,11.0,3.0,1.0,14.0,16.0,,31.0,60.0,0.517,14.0,29.0,0.483,7.0,11.0,0.636,5.0,26.0,23.0,4.0,5.0,6.0,17.0,5.0,-18.0,0,21,74.0,0,1,-1,69.64285714285714,67.9,71.17552418078243,67.33237496519062,81.0,67.66666666666667,85.0,73.0,80.03571428571429,76.95,82.75037774047058,77.33377457371681,90.0,80.66666666666667,78.0,78.0,6.678571428571429,-0.032964715564860636,6.957970323199175,-0.027087416690221744,7.333333333333333,0.05593376597492916,7.0,-0.025853129227176253,8.035714285714286,-0.04061987867308936,8.656892194460497,-0.05171082090544543,11.333333333333334,-0.07798717202124394,8.0,-0.04429359287311935,0.4255714285714286,0.42705000000000004,0.4265738802627455,0.43054025579261074,0.4293333333333332,0.4793333333333332,0.4439999999999999,0.5309999999999998,0.4817857142857142,0.47074999999999995,0.4892577264224318,0.47197799898754944,0.4749999999999999,0.4969999999999999,0.3999999999999997,0.5079999999999998,74.83928571428571,72.425,76.96295096062651,72.33307476945372,85.5,74.16666666666667,81.5,75.5,0.0,0.0,0.0597194471260484,0.048257834145046356,0.3333333333333333,21.0,1.0,21.0,-9.049999999999997,-10.001399608526185,-13.0,-5.0,-0.12495685191577491,-0.13826869161035277,-0.1752808988764045,-0.06622516556291391,-10.392857142857153,-0.13886900501073743,-11.574853559688151,-0.1503951370784851,-9.0,-0.10526315789473684,7.0,0.08588957055214724,CUSA,-5.5,5.0,18.0,74.0,74.04545454545455,72.99692593320792,74.66666666666667,68.0,72.63636363636364,71.66463401627088,70.5,69.5,2.818181818181813,2.664583833874076,8.333333333333343,-3.0,0.03879849812265324,0.0371812940992499,0.11820330969267152,-0.04316546762589928,1,0,0,2018-02-08,,Charlotte,1,65.0,83.0,14.0,6.0,W,0.0050760062202366285,0.014204408868298934,0.03468992361039713,-0.048818479750947386,-0.028265906456154066,-0.01827145757837595,-0.012016824415446326,0.0667573280369565,23,0.047520661157024795,0.011299592205595248,2.5555555555555554,23.0,1.4516129032258078,0.13548874901202623,-1.999999999999993,-4.0,0.4399545454545455,0.4392488242641441,0.4139999999999999,0.39000000000000035,1,5.0,0.44372727272727275,0.4422005367540844,0.4609999999999999,0.4389999999999996,0.4461612903225806,0.4501116353358749,0.45266666666666655,0.4080000000000004,0.02020202020202022,0.001923611190337842,-0.031088082901554296,-0.06666666666666667,-0.10568181818182154,0.030525031801950292,-0.014359204602270236,0.708894268774705,-1.4401768304159575,-0.39137910577738116,-0.5305150002206415,-0.1607905965384943,0.5521431976093538,0.5639012206403052,0.39422173428296503,-0.3132736999206455
2018-02-10,@,Southern Miss,L,54.0,72.0,20.0,52.0,0.385,6.0,19.0,0.316,8.0,12.0,0.667,7.0,34.0,9.0,4.0,4.0,13.0,16.0,,26.0,61.0,0.426,7.0,22.0,0.318,13.0,18.0,0.722,7.0,31.0,19.0,9.0,1.0,6.0,9.0,2.0,-18.0,0,22,63.0,0,1,-1,69.64285714285714,67.76190476190476,71.17552418078243,67.12535962531435,81.0,67.33333333333333,85.0,65.0,80.03571428571429,77.23809523809524,82.75037774047058,77.83669352969258,90.0,79.0,78.0,83.0,6.678571428571429,-0.033130827318224476,6.957970323199175,-0.02790510545751068,7.333333333333333,0.01320831116343818,7.0,-0.03660128518081163,8.035714285714286,-0.02869082326295147,8.656892194460497,-0.02859750255654353,11.333333333333334,-0.009726893749458176,8.0,0.19249973428165357,0.4255714285714286,0.42595238095238097,0.4265738802627455,0.42818461394457624,0.4293333333333332,0.43066666666666653,0.4439999999999999,0.4039999999999998,0.4817857142857142,0.4729523809523809,0.4892577264224318,0.47597403092092316,0.4749999999999999,0.5026666666666665,0.3999999999999997,0.5169999999999999,74.83928571428571,72.5,76.96295096062651,72.48102657750346,85.5,73.16666666666667,81.5,74.0,0.0,0.04988662131519274,0.0597194471260484,0.04469809055404063,0.3333333333333333,2.444444444444444,1.0,22.0,-9.476190476190482,-10.711333904378236,-11.666666666666671,-18.0,-0.13070607553366181,-0.1477812113067229,-0.1594533029612757,-0.24324324324324326,-10.392857142857153,-0.13886900501073743,-11.574853559688151,-0.1503951370784851,-9.0,-0.10526315789473684,7.0,0.08588957055214724,CUSA,-5.5,-7.888888888888889,18.0,63.0,69.42857142857143,70.6478719601565,70.0,63.0,72.33333333333333,73.12291873413349,70.0,65.5,-5.80952380952381,-4.950093547954012,0.0,-5.0,-0.08031599736668862,-0.06769551371372334,0.0,-0.07633587786259542,1,0,0,2018-02-10,,Charlotte,1,54.0,72.0,7.0,6.0,W,0.011578518554547612,0.016847442492224973,0.029332780753254295,-0.027810076389602867,0.07001994169357972,0.06403100131170403,0.029332780753254295,0.2158874026019938,22,1.2471655328798186,0.8947920128580161,2.444444444444444,22.0,-5.566666666666663,-5.014188266648048,-2.0,-10.0,0.4858571428571428,0.4829018244205435,0.4283333333333334,0.43999999999999995,1,2.0,0.4477142857142858,0.4549137042200189,0.49066666666666686,0.4900000000000001,0.47666666666666657,0.4687172637117497,0.4646666666666668,0.5099999999999999,-0.07834858081163495,-0.0708759490306309,-0.027522935779816512,-0.125,0.0833333333333357,-0.04816449519181257,-0.01822627854213059,0.7736316581968772,-1.4955786749482385,1.1978732309788225,1.0161513687600656,-0.23437946441661442,0.5521431976093538,0.6061732055253292,0.39422173428296503,-0.11041892499236183
2018-02-15,,UTEP,L,86.0,87.0,26.0,52.0,0.5,14.0,24.0,0.583,20.0,26.0,0.769,5.0,26.0,14.0,8.0,1.0,12.0,20.0,,30.0,56.0,0.536,11.0,20.0,0.55,16.0,24.0,0.667,8.0,28.0,14.0,7.0,2.0,11.0,20.0,5.0,-1.0,0,23,86.5,1,0,1,69.64285714285714,67.13636363636364,71.17552418078243,65.98299734770963,81.0,64.0,85.0,54.0,80.03571428571429,77.0,82.75037774047058,77.32869841911285,90.0,77.66666666666667,78.0,72.0,6.678571428571429,-0.031195316741667867,6.957970323199175,-0.02450649893803908,7.333333333333333,-0.016649362103888565,7.0,0.01980897122944475,8.035714285714286,-0.02840039516173981,8.656892194460497,-0.02805132744476846,11.333333333333334,0.04699065935533886,8.0,-0.02185769543722188,0.4255714285714286,0.4240909090909091,0.4265738802627455,0.4244260522478696,0.4293333333333332,0.4399999999999999,0.4439999999999999,0.3849999999999998,0.4817857142857142,0.47081818181818175,0.4892577264224318,0.47162455407506143,0.4749999999999999,0.4836666666666665,0.3999999999999997,0.4259999999999998,74.83928571428571,72.06818181818181,76.96295096062651,71.65584788341124,85.5,70.83333333333333,81.5,63.0,0.0,0.19008264462809918,0.0597194471260484,0.37793035037897077,0.3333333333333333,2.5555555555555554,1.0,23.0,-9.86363636363636,-11.345701071403226,-13.666666666666671,-18.0,-0.13686534216335536,-0.1583360103401948,-0.1929411764705883,-0.2857142857142857,-10.392857142857153,-0.13886900501073743,-11.574853559688151,-0.1503951370784851,-9.0,-0.10526315789473684,7.0,0.08588957055214724,CUSA,-5.5,-4.2727272727272725,1.0,86.5,66.56521739130434,66.36181438563652,61.333333333333336,59.0,69.15217391304348,69.31176952570759,65.5,61.0,-5.173913043478265,-5.899910280142208,-8.333333333333336,-4.0,-0.07481923923294567,-0.08512133394536903,-0.12722646310432573,-0.06557377049180328,0,1,0,2018-02-15,@,Charlotte,1,86.0,87.0,11.0,14.0,W,0.01175323423837138,0.02769528519971004,0.028866942243937488,0.04240784128594194,0.03738472880520238,0.027581257948981253,0.08838951349419755,0.1626661140865876,24,2.9035916824196595,2.5732150616078435,24.0,24.0,-5.099999999999994,-5.260545804433178,-5.666666666666671,-13.0,0.43408695652173923,0.4396226813522657,0.43133333333333335,0.3960000000000002,-1,5.0,0.42491304347826087,0.4234055673648202,0.4023333333333335,0.35999999999999993,0.43246666666666667,0.4325796389379075,0.42100000000000004,0.4130000000000001,-0.07389519439748844,-0.07644950101570347,-0.0831295843520783,-0.20155038759689922,1.4580039525691646,-0.03415008720896102,-0.018270098434278816,0.47769818382466733,-1.5176081326081303,0.3595577751602041,0.21841538878568525,-0.1269581773262602,0.5521431976093538,0.3255895749711477,0.39422173428296503,0.08894220530923001
2018-02-17,,UTSA,L(1 OT),89.0,97.0,31.0,72.0,0.431,8.0,25.0,0.32,19.0,26.0,0.731,16.0,36.0,13.0,5.0,1.0,13.0,14.0,,36.0,59.0,0.61,13.0,25.0,0.52,12.0,16.0,0.75,4.0,28.0,8.0,8.0,3.0,15.0,24.0,2.0,-8.0,0,24,93.0,1,0,1,69.64285714285714,67.95652173913044,71.17552418078243,67.69425096749046,81.0,68.33333333333333,85.0,86.0,80.03571428571429,77.43478260869566,82.75037774047058,78.15549802171927,90.0,80.66666666666667,78.0,87.0,6.678571428571429,-0.019858335232487367,6.957970323199175,-0.0028550257250748445,7.333333333333333,0.06696344277416022,7.0,0.17484773091936723,8.035714285714286,-0.02379948843740909,8.656892194460497,-0.019121345081358765,11.333333333333334,0.08316985277214445,8.0,0.06578598272369762,0.4255714285714286,0.4273913043478261,0.4265738802627455,0.43088686927919284,0.4293333333333332,0.4296666666666666,0.4439999999999999,0.4999999999999998,0.4817857142857142,0.47365217391304343,0.4892577264224318,0.4771280111499123,0.4749999999999999,0.4929999999999999,0.3999999999999997,0.5359999999999998,74.83928571428571,72.69565217391305,76.96295096062651,72.92487449460486,85.5,74.5,81.5,86.5,0.0,0.04536862003780718,0.0597194471260484,0.024174827686282367,0.3333333333333333,2.6666666666666665,1.0,24.0,-9.478260869565219,-10.461247054228807,-12.333333333333343,-1.0,-0.13038277511961724,-0.14345238338398172,-0.16554809843400461,-0.011560693641618497,-10.392857142857153,-0.13886900501073743,-11.574853559688151,-0.1503951370784851,-9.0,-0.10526315789473684,7.0,0.08588957055214724,CUSA,-5.5,-0.6,8.0,93.0,76.30434782608695,74.31104916744653,66.33333333333333,62.0,77.08695652173913,75.6002829951288,70.16666666666667,81.0,-1.5652173913043441,-2.5784676553645482,-7.666666666666671,-38.0,-0.020304568527918735,-0.03410658734611732,-0.10926365795724471,-0.4691358024691358,0,1,0,2018-02-17,@,Charlotte,1,89.0,97.0,13.0,8.0,W(1 OT),0.07109102251149607,0.07624350736372631,0.10858619065993058,0.17034660563804693,0.013108803725257134,0.01592295626770568,0.010799962220435777,0.13647563789611145,24,0.18147448015122872,0.14817899120766082,2.6666666666666665,24.0,-0.3125,-0.13796213464051732,-4.666666666666671,-7.0,0.4350869565217392,0.4344514082344542,0.415,0.5239999999999997,-1,2.0,0.4261304347826087,0.4195008766248386,0.399,0.4039999999999999,0.4255625,0.41763528570724084,0.4043333333333334,0.37499999999999967,-0.004110152075626798,-0.0018531372058621938,-0.0600858369098713,-0.09655172413793103,-2.1956521739130395,-0.016134404819299515,-0.04113307632873987,0.30335937779227146,-1.542378174160779,0.06199572639081197,-0.49384790571747034,-0.12534884666403096,0.5521431976093538,0.08969437605935891,0.39422173428296503,0.06001842651610671
2018-02-22,@,Western Kentucky,L,55.0,93.0,22.0,60.0,0.367,4.0,20.0,0.2,7.0,8.0,0.875,13.0,29.0,10.0,8.0,2.0,19.0,21.0,,32.0,57.0,0.561,6.0,17.0,0.353,23.0,30.0,0.767,10.0,35.0,19.0,14.0,3.0,14.0,8.0,5.0,-38.0,0,25,74.0,0,1,-1,69.64285714285714,68.83333333333333,71.17552418078243,69.48607062076488,81.0,76.33333333333333,85.0,89.0,80.03571428571429,78.25,82.75037774047058,79.74032608616939,90.0,85.33333333333333,78.0,97.0,6.678571428571429,-0.021151480747956364,6.957970323199175,-0.00727216959630167,7.333333333333333,0.053287864970347265,7.0,-0.043861440755573966,8.035714285714286,-0.01799720555436779,8.656892194460497,-0.008107450728789156,11.333333333333334,0.049756887896111435,8.0,0.08853749356621454,0.4255714285714286,0.42754166666666665,0.4265738802627455,0.4308963836055196,0.4293333333333332,0.4386666666666666,0.4439999999999999,0.4309999999999998,0.4817857142857142,0.4793333333333332,0.4892577264224318,0.4883025838264217,0.4749999999999999,0.5239999999999999,0.3999999999999997,0.6099999999999999,74.83928571428571,73.54166666666667,76.96295096062651,74.61319835346713,85.5,80.83333333333333,81.5,93.0,0.0,0.0,0.0597194471260484,0.07571219245937769,0.3333333333333333,2.7777777777777777,1.0,25.0,-9.416666666666671,-10.254255465404512,-9.0,-8.0,-0.12804532577903688,-0.13743219285181624,-0.11134020618556702,-0.08602150537634409,-10.392857142857153,-0.13886900501073743,-11.574853559688151,-0.1503951370784851,-9.0,-0.10526315789473684,7.0,0.08588957055214724,CUSA,-5.5,6.75,38.0,74.0,78.57692307692308,79.13072771364646,90.0,85.0,74.6923076923077,75.0478646788324,84.33333333333333,75.5,7.769230769230774,8.165726069628107,11.333333333333329,19.0,0.10401647785787853,0.10880690749261636,0.13438735177865607,0.25165562913907286,1,0,0,2018-02-22,,Charlotte,1,55.0,93.0,6.0,4.0,W,-0.09619690248568005,-0.10451763619439552,-0.11352436210388855,0.03941681436669969,0.03682870688035916,0.039575117562383466,0.10596716331984024,0.23193018335065685,27,0.35946745562130183,0.02166608480089579,3.0,27.0,7.432432432432435,7.034244614578313,2.3333333333333286,-5.0,0.4238461538461538,0.42337232223622007,0.4570000000000001,0.41400000000000026,1,5.0,0.5007307692307693,0.5037840445324905,0.5873333333333335,0.5590000000000005,0.4297297297297297,0.43275149402425067,0.44533333333333364,0.4790000000000001,0.0996918615189415,0.09435637197635455,0.030237580993520453,-0.07518796992481203,-0.575320512820511,-0.02791024336246542,0.04160859800243524,0.271989008039732,-1.5650691900691882,1.9152595933647696,4.4420182308113345,-0.13220220871688848,0.5521431976093538,0.07293627705688562,0.39422173428296503,0.1440436064282296
2018-02-24,@,Marshall,L,75.0,103.0,28.0,67.0,0.418,5.0,20.0,0.25,14.0,17.0,0.824,11.0,39.0,15.0,5.0,0.0,13.0,12.0,,39.0,72.0,0.542,16.0,38.0,0.421,9.0,13.0,0.692,6.0,35.0,24.0,9.0,6.0,7.0,15.0,2.0,-28.0,0,26,89.0,0,1,-1,69.64285714285714,68.28,71.17552418078243,68.28595142379237,81.0,76.66666666666667,85.0,55.0,80.03571428571429,78.84,82.75037774047058,80.83884269748378,90.0,92.33333333333333,78.0,93.0,6.678571428571429,-0.023541936796331486,6.957970323199175,-0.01314888895493882,7.333333333333333,0.025606072678720115,7.0,-0.0953425439220704,8.035714285714286,-0.022808989196734852,8.656892194460497,-0.01876959500222536,11.333333333333334,0.011385385188530217,8.0,-0.11997597500711438,0.4255714285714286,0.42512,0.4265738802627455,0.4256027965045301,0.4293333333333332,0.4326666666666666,0.4439999999999999,0.3669999999999998,0.4817857142857142,0.4825999999999999,0.4892577264224318,0.49432530503248495,0.4749999999999999,0.5689999999999998,0.3999999999999997,0.5609999999999998,74.83928571428571,73.56,76.96295096062651,74.56239706063806,85.5,84.5,81.5,74.0,0.0,0.041600000000000005,0.0597194471260484,0.02724982062364595,0.3333333333333333,2.888888888888889,1.0,26.0,-10.560000000000002,-12.552891273691415,-15.666666666666657,-38.0,-0.1435562805872757,-0.16835418077402667,-0.185404339250493,-0.5135135135135135,-10.392857142857153,-0.13886900501073743,-11.574853559688151,-0.1503951370784851,-9.0,-0.10526315789473684,7.0,0.08588957055214724,CUSA,-5.5,4.083333333333333,28.0,89.0,83.55555555555556,81.9506661151548,82.0,79.0,81.68518518518519,80.06366917583016,80.33333333333333,81.5,3.7407407407407476,3.773993878649307,3.3333333333333286,-5.0,0.04579460439809575,0.04713740848375471,0.0414937759336099,-0.06134969325153374,1,0,0,2018-02-24,,Charlotte,1,75.0,103.0,16.0,5.0,W,0.04019904215143055,0.0488476082243367,0.01574393057903828,-0.04770157729376201,-0.044846867904352605,-0.05157000250263449,0.004272248065602946,0.043618495038968585,28,0.345679012345679,0.10327581877232594,3.1111111111111107,28.0,3.7714285714285722,3.3747429835548104,-5.333333333333329,-23.0,0.4476666666666667,0.44044189991962435,0.44766666666666666,0.43099999999999994,1,2.0,0.47070370370370374,0.47220727697943676,0.5499999999999999,0.5449999999999997,0.4444,0.4375924783948553,0.42333333333333334,0.49999999999999994,0.04639718804920914,0.042252533966832914,-0.0704845814977973,-0.2787878787878788,-4.062592592592594,0.03249280119838387,-0.03028034871250773,0.6760528286528279,-1.55353317053317,-0.3124856133412974,-2.214418603427223,-0.1268665744764816,0.5521431976093538,0.3673161232719076,0.39422173428296503,-0.19759036128233232
2018-03-01,,Florida International,L,83.0,89.0,26.0,61.0,0.426,10.0,25.0,0.4,21.0,25.0,0.84,6.0,30.0,8.0,7.0,3.0,13.0,23.0,,29.0,60.0,0.483,10.0,23.0,0.435,21.0,30.0,0.7,10.0,36.0,10.0,6.0,4.0,16.0,18.0,5.0,-6.0,0,27,86.0,1,0,1,69.64285714285714,68.53846153846153,71.17552418078243,68.83457102193321,81.0,73.0,85.0,75.0,80.03571428571429,79.76923076923077,82.75037774047058,82.64967934479769,90.0,97.66666666666667,78.0,103.0,6.678571428571429,-0.027329075908602396,6.957970323199175,-0.022085422651357045,7.333333333333333,-0.08064764977512145,7.0,-0.11352436210388855,8.035714285714286,-0.014102954196463291,8.656892194460497,-0.0013294286677078548,11.333333333333334,0.04483741264013874,8.0,0.1524950553718396,0.4255714285714286,0.4248461538461538,0.4265738802627455,0.42498155536876553,0.4293333333333332,0.40533333333333327,0.4439999999999999,0.4179999999999998,0.4817857142857142,0.4848846153846153,0.4892577264224318,0.49822090866086066,0.4749999999999999,0.5709999999999998,0.3999999999999997,0.5419999999999997,74.83928571428571,74.15384615384616,76.96295096062651,75.74212518336545,85.5,85.33333333333333,81.5,89.0,0.0,0.15976331360946747,0.0597194471260484,0.3353141272153547,0.3333333333333333,3.0,1.0,27.0,-11.23076923076924,-13.815108322864475,-24.66666666666667,-28.0,-0.15145228215767648,-0.18239662921286187,-0.28906250000000006,-0.3146067415730337,-10.392857142857153,-0.13886900501073743,-11.574853559688151,-0.1503951370784851,-9.0,-0.10526315789473684,7.0,0.08588957055214724,CUSA,-5.5,-2.0,6.0,86.0,70.23076923076923,69.99886743972188,69.33333333333333,67.0,71.11538461538461,70.75789688804352,69.5,65.5,-1.7692307692307736,-1.5180588966433106,-0.3333333333333428,3.0,-0.024878312601406227,-0.02145426819348878,-0.004796163069544501,0.04580152671755725,0,1,0,2018-03-01,@,Charlotte,1,83.0,89.0,10.0,10.0,W,-0.05229763702174178,-0.05399987403338202,-0.08275513133465778,-0.13441988449194828,-0.002626926206452662,-0.0026324353948634083,0.05968137952290564,0.061475637896111435,27,0.9985207100591716,0.5475696123370403,3.0,27.0,-2.3103448275862064,-2.7347717085216345,-7.0,-1.0,0.43919230769230766,0.4374965987936418,0.39499999999999985,0.322,-1,5.0,0.4263846153846155,0.4314024404649576,0.47100000000000025,0.46399999999999997,0.44313793103448273,0.4461739089758613,0.47733333333333317,0.44200000000000006,-0.03237496979946847,-0.0383746389385787,-0.09523809523809523,-0.014598540145985401,1.5192307692307736,0.008472984462539851,0.027157893502642784,0.6652754917741652,-1.9688514869549352,-1.4399987584868228,-2.5045429666119303,-0.11020988933295135,0.5521431976093538,0.498243525124087,0.39422173428296503,-0.24725386184965595
2018-03-03,,Florida Atlantic,W,85.0,78.0,24.0,54.0,0.444,7.0,17.0,0.412,30.0,32.0,0.938,4.0,35.0,7.0,8.0,5.0,13.0,15.0,,30.0,75.0,0.4,8.0,23.0,0.348,10.0,12.0,0.833,14.0,36.0,15.0,7.0,8.0,12.0,22.0,2.0,7.0,1,28,81.5,1,0,1,69.64285714285714,69.07407407407408,71.17552418078243,69.97749079302739,81.0,71.0,85.0,83.0,80.03571428571429,80.11111111111111,82.75037774047058,83.16204695758628,90.0,95.0,78.0,89.0,6.678571428571429,-0.02398012617895562,6.957970323199175,-0.015385863303047864,7.333333333333333,-0.04591872830107169,7.0,0.04792142102864155,8.035714285714286,-0.012553488317480876,8.656892194460497,0.0008192235498471478,11.333333333333334,0.023317743159269322,8.0,0.023554289581504684,0.4255714285714286,0.42488888888888887,0.4265738802627455,0.4250637272893339,0.4293333333333332,0.40366666666666656,0.4439999999999999,0.4259999999999999,0.4817857142857142,0.48481481481481475,0.4892577264224318,0.49699282884277307,0.4749999999999999,0.5286666666666666,0.3999999999999997,0.48299999999999965,74.83928571428571,74.5925925925926,76.96295096062651,76.56976887530683,85.5,83.0,81.5,86.0,0.0,0.03840877914951989,0.0597194471260484,0.013264707585770807,0.3333333333333333,3.1111111111111107,1.0,28.0,-11.037037037037038,-13.184556164558899,-24.0,-6.0,-0.14796425024826218,-0.17219010006455454,-0.2891566265060241,-0.06976744186046512,-10.392857142857153,-0.13886900501073743,-11.574853559688151,-0.1503951370784851,-9.0,-0.10526315789473684,7.0,0.08588957055214724,CUSA,-5.5,-8.444444444444445,-7.0,81.5,66.03846153846153,66.7501716801094,71.33333333333333,64.0,68.5,68.51350372264122,69.33333333333333,66.5,-4.923076923076934,-3.526664085063672,4.0,-5.0,-0.0718697361033129,-0.05147399991891289,0.057692307692307696,-0.07518796992481203,0,1,0,2018-03-03,@,Charlotte,0,85.0,78.0,8.0,7.0,L,-0.06716443199323041,-0.0673361323144919,-0.07520660509454274,-0.07914936210388857,-0.0549877767380349,-0.05024849170044732,-0.03134614428210636,-0.1396113186256277,27,0.15976331360946747,0.004545237226076618,3.0,27.0,-5.214285714285708,-4.3805494615904195,-7.666666666666671,-11.0,0.43738461538461537,0.4273754371456296,0.3643333333333332,0.3830000000000002,-1,2.0,0.3931923076923077,0.3965322436591455,0.39533333333333337,0.36100000000000004,0.44164285714285717,0.43838901206891556,0.45899999999999985,0.5500000000000003,-0.07525773195876279,-0.06240596088645137,-0.1019955654101996,-0.14193548387096774,3.0462962962962976,0.03631272262552503,0.029037009356634107,0.5521431976093538,-1.847324393358876,0.5071310593939902,0.7830630815544595,-0.13350123613574677,0.5521431976093538,0.39422173428296503,0.39422173428296503,-0.4418244714350958
